TamperingStatus,FileType,Meeting,Segment1Panel1Source,Segment1Panel2Source,Segment1SpeakerAudioSource,Segment1SpeakerVideoSource,Segment1Speaker,Segment1NonSpeaker,Segment1Begin,Segment1End,Segment2InsertionPoint,Segment2Panel1Source,Segment2Panel2Source,Segment2SpeakerAudioSource,Segment2SpeakerVideoSource,Segment2Speaker,Segment2NonSpeaker,Segment2Begin,Segment2End,InternalFileName,InternalMaskedFileName
nontampered,singleSegment,IS1002b,IS1002b.Closeup3_orig.avi;558858986,IS1002b.Closeup4_orig.avi;1547183055,IS1002b.Headset-3.wav;3351237718,IS1002b.Closeup4_orig.avi;1547183055,D,C,2123,2137,,,,,,,,,,IS1002b_AV_2123_2137_0014_D_C3-D4,file_001.mp4
nontampered,singleSegment,IS1004b,IS1004b.Closeup1_orig.avi;2654432044,IS1004b.Closeup3_orig.avi;3722840738,IS1004b.Headset-2.wav;3349573229,IS1004b.Closeup3_orig.avi;3722840738,C,A,542,551,,,,,,,,,,IS1004b_AV_0542_0551_0009_C_A1-C3,file_004.mp4
nontampered,singleSegment,IS1005b,IS1005b.Closeup1_orig.avi;1743865349,IS1005b.Closeup2_orig.avi;1856408601,IS1005b.Headset-0.wav;4238957114,IS1005b.Closeup1_orig.avi;1743865349,A,B,1415,1426,,,,,,,,,,IS1005b_AV_1415_1426_0011_A_A1-B2,file_009.mp4
nontampered,singleSegment,IS1007b,IS1007b.Closeup1_orig.avi;1238947037,IS1007b.Closeup2_orig.avi;3240980648,IS1007b.Headset-0.wav;4012001298,IS1007b.Closeup1_orig.avi;1238947037,A,B,1032,1039,,,,,,,,,,IS1007b_AV_1032_1039_0007_A_A1-B2,file_015.mp4
nontampered,singleSegment,IS1001b,IS1001b.Closeup1_orig.avi;3042235681,IS1001b.Closeup2_orig.avi;360704331,IS1001b.Headset-0.wav;83638217,IS1001b.Closeup1_orig.avi;3042235681,A,B,827,845,,,,,,,,,,IS1001b_AV_0827_0845_0018_A_A1-B2,file_016.mp4
nontampered,singleSegment,IS1005b,IS1005b.Closeup1_orig.avi;1743865349,IS1005b.Closeup2_orig.avi;1856408601,IS1005b.Headset-0.wav;4238957114,IS1005b.Closeup1_orig.avi;1743865349,A,B,2027,2036,,,,,,,,,,IS1005b_AV_2027_2036_0009_A_A1-B2,file_020.mp4
nontampered,singleSegment,IS1005b,IS1005b.Closeup3_orig.avi;833085407,IS1005b.Closeup4_orig.avi;143329121,IS1005b.Headset-3.wav;708075228,IS1005b.Closeup4_orig.avi;143329121,D,C,1885,1903,,,,,,,,,,IS1005b_AV_1885_1903_0018_D_C3-D4,file_026.mp4
nontampered,singleSegment,IS1004b,IS1004b.Closeup2_orig.avi;3098539261,IS1004b.Closeup4_orig.avi;1677578369,IS1004b.Headset-1.wav;832556769,IS1004b.Closeup2_orig.avi;3098539261,B,D,1753,1783,,,,,,,,,,IS1004b_AV_1753_1783_0030_B_B2-D4,file_027.mp4
nontampered,singleSegment,IS1005b,IS1005b.Closeup1_orig.avi;1743865349,IS1005b.Closeup2_orig.avi;1856408601,IS1005b.Headset-0.wav;4238957114,IS1005b.Closeup1_orig.avi;1743865349,A,B,789,795,,,,,,,,,,IS1005b_AV_0789_0795_0006_A_A1-B2,file_030.mp4
nontampered,singleSegment,IS1001b,IS1001b.Closeup1_orig.avi;3042235681,IS1001b.Closeup3_orig.avi;2416607761,IS1001b.Headset-2.wav;903526141,IS1001b.Closeup3_orig.avi;2416607761,C,A,1687,1694,,,,,,,,,,IS1001b_AV_1687_1694_0007_C_A1-C3,file_039.mp4
nontampered,singleSegment,IS1007b,IS1007b.Closeup1_orig.avi;1238947037,IS1007b.Closeup3_orig.avi;1370827822,IS1007b.Headset-2.wav;2141475348,IS1007b.Closeup3_orig.avi;1370827822,C,A,339,356,,,,,,,,,,IS1007b_AV_0339_0356_0017_C_A1-C3,file_040.mp4
nontampered,singleSegment,IS1001b,IS1001b.Closeup1_orig.avi;3042235681,IS1001b.Closeup3_orig.avi;2416607761,IS1001b.Headset-2.wav;903526141,IS1001b.Closeup3_orig.avi;2416607761,C,A,1344,1355,,,,,,,,,,IS1001b_AV_1344_1355_0011_C_A1-C3,file_041.mp4
nontampered,singleSegment,IS1008b,IS1008b.Closeup1_orig.avi;3788450033,IS1008b.Closeup3_orig.avi;1554726881,IS1008b.Headset-2.wav;1609860318,IS1008b.Closeup3_orig.avi;1554726881,C,A,1559,1569,,,,,,,,,,IS1008b_AV_1559_1569_0010_C_A1-C3,file_049.mp4
nontampered,singleSegment,IS1005b,IS1005b.Closeup1_orig.avi;1743865349,IS1005b.Closeup2_orig.avi;1856408601,IS1005b.Headset-0.wav;4238957114,IS1005b.Closeup1_orig.avi;1743865349,A,B,46,52,,,,,,,,,,IS1005b_AV_0046_0052_0006_A_A1-B2,file_060.mp4
nontampered,singleSegment,IS1002b,IS1002b.Closeup3_orig.avi;558858986,IS1002b.Closeup4_orig.avi;1547183055,IS1002b.Headset-3.wav;3351237718,IS1002b.Closeup4_orig.avi;1547183055,D,C,1356,1382,,,,,,,,,,IS1002b_AV_1356_1382_0026_D_C3-D4,file_062.mp4
nontampered,singleSegment,IS1007b,IS1007b.Closeup1_orig.avi;1238947037,IS1007b.Closeup3_orig.avi;1370827822,IS1007b.Headset-2.wav;2141475348,IS1007b.Closeup3_orig.avi;1370827822,C,A,390,409,,,,,,,,,,IS1007b_AV_0390_0409_0019_C_A1-C3,file_076.mp4
nontampered,singleSegment,IS1008b,IS1008b.Closeup3_orig.avi;1554726881,IS1008b.Closeup4_orig.avi;119771819,IS1008b.Headset-3.wav;3590807933,IS1008b.Closeup4_orig.avi;119771819,D,C,1061,1071,,,,,,,,,,IS1008b_AV_1061_1071_0010_D_C3-D4,file_078.mp4
nontampered,singleSegment,IS1002b,IS1002b.Closeup3_orig.avi;558858986,IS1002b.Closeup4_orig.avi;1547183055,IS1002b.Headset-3.wav;3351237718,IS1002b.Closeup4_orig.avi;1547183055,D,C,1381,1403,,,,,,,,,,IS1002b_AV_1381_1403_0022_D_C3-D4,file_079.mp4
nontampered,singleSegment,IS1008b,IS1008b.Closeup1_orig.avi;3788450033,IS1008b.Closeup2_orig.avi;1740313366,IS1008b.Headset-0.wav;2959176245,IS1008b.Closeup1_orig.avi;3788450033,A,B,1200,1210,,,,,,,,,,IS1008b_AV_1200_1210_0010_A_A1-B2,file_086.mp4
nontampered,singleSegment,IS1005b,IS1005b.Closeup1_orig.avi;1743865349,IS1005b.Closeup3_orig.avi;833085407,IS1005b.Headset-2.wav;3527090808,IS1005b.Closeup3_orig.avi;833085407,C,A,2058,2065,,,,,,,,,,IS1005b_AV_2058_2065_0007_C_A1-C3,file_088.mp4
nontampered,singleSegment,IS1002b,IS1002b.Closeup3_orig.avi;558858986,IS1002b.Closeup4_orig.avi;1547183055,IS1002b.Headset-3.wav;3351237718,IS1002b.Closeup4_orig.avi;1547183055,D,C,912,931,,,,,,,,,,IS1002b_AV_0912_0931_0019_D_C3-D4,file_089.mp4
nontampered,singleSegment,IS1001b,IS1001b.Closeup1_orig.avi;3042235681,IS1001b.Closeup3_orig.avi;2416607761,IS1001b.Headset-2.wav;903526141,IS1001b.Closeup3_orig.avi;2416607761,C,A,1326,1333,,,,,,,,,,IS1001b_AV_1326_1333_0007_C_A1-C3,file_092.mp4
nontampered,singleSegment,IS1008b,IS1008b.Closeup1_orig.avi;3788450033,IS1008b.Closeup3_orig.avi;1554726881,IS1008b.Headset-2.wav;1609860318,IS1008b.Closeup3_orig.avi;1554726881,C,A,1356,1365,,,,,,,,,,IS1008b_AV_1356_1365_0009_C_A1-C3,file_094.mp4
nontampered,singleSegment,IS1007b,IS1007b.Closeup1_orig.avi;1238947037,IS1007b.Closeup3_orig.avi;1370827822,IS1007b.Headset-2.wav;2141475348,IS1007b.Closeup3_orig.avi;1370827822,C,A,737,746,,,,,,,,,,IS1007b_AV_0737_0746_0009_C_A1-C3,file_096.mp4
nontampered,singleSegment,IS1007b,IS1007b.Closeup1_orig.avi;1238947037,IS1007b.Closeup3_orig.avi;1370827822,IS1007b.Headset-2.wav;2141475348,IS1007b.Closeup3_orig.avi;1370827822,C,A,296,318,,,,,,,,,,IS1007b_AV_0296_0318_0022_C_A1-C3,file_098.mp4
nontampered,singleSegment,IS1008b,IS1008b.Closeup1_orig.avi;3788450033,IS1008b.Closeup3_orig.avi;1554726881,IS1008b.Headset-2.wav;1609860318,IS1008b.Closeup3_orig.avi;1554726881,C,A,1371,1389,,,,,,,,,,IS1008b_AV_1371_1389_0018_C_A1-C3,file_099.mp4
nontampered,singleSegment,IS1002b,IS1002b.Closeup2_orig.avi;1338448134,IS1002b.Closeup4_orig.avi;1547183055,IS1002b.Headset-1.wav;1093857895,IS1002b.Closeup2_orig.avi;1338448134,B,D,1031,1051,,,,,,,,,,IS1002b_AV_1031_1051_0020_B_B2-D4,file_110.mp4
nontampered,singleSegment,IS1005b,IS1005b.Closeup3_orig.avi;833085407,IS1005b.Closeup4_orig.avi;143329121,IS1005b.Headset-3.wav;708075228,IS1005b.Closeup4_orig.avi;143329121,D,C,1744,1756,,,,,,,,,,IS1005b_AV_1744_1756_0012_D_C3-D4,file_111.mp4
nontampered,singleSegment,IS1001b,IS1001b.Closeup2_orig.avi;360704331,IS1001b.Closeup4_orig.avi;1095357424,IS1001b.Headset-1.wav;2278578339,IS1001b.Closeup2_orig.avi;360704331,B,D,1801,1810,,,,,,,,,,IS1001b_AV_1801_1810_0009_B_B2-D4,file_117.mp4
nontampered,singleSegment,IS1007b,IS1007b.Closeup1_orig.avi;1238947037,IS1007b.Closeup3_orig.avi;1370827822,IS1007b.Headset-2.wav;2141475348,IS1007b.Closeup3_orig.avi;1370827822,C,A,1197,1220,,,,,,,,,,IS1007b_AV_1197_1220_0023_C_A1-C3,file_119.mp4
nontampered,singleSegment,IS1002b,IS1002b.Closeup3_orig.avi;558858986,IS1002b.Closeup4_orig.avi;1547183055,IS1002b.Headset-3.wav;3351237718,IS1002b.Closeup4_orig.avi;1547183055,D,C,2004,2028,,,,,,,,,,IS1002b_AV_2004_2028_0024_D_C3-D4,file_122.mp4
nontampered,singleSegment,IS1001b,IS1001b.Closeup1_orig.avi;3042235681,IS1001b.Closeup2_orig.avi;360704331,IS1001b.Headset-0.wav;83638217,IS1001b.Closeup1_orig.avi;3042235681,A,B,1622,1641,,,,,,,,,,IS1001b_AV_1622_1641_0019_A_A1-B2,file_132.mp4
nontampered,singleSegment,IS1004b,IS1004b.Closeup3_orig.avi;3722840738,IS1004b.Closeup4_orig.avi;1677578369,IS1004b.Headset-3.wav;1069144428,IS1004b.Closeup4_orig.avi;1677578369,D,C,410,441,,,,,,,,,,IS1004b_AV_0410_0441_0031_D_C3-D4,file_134.mp4
nontampered,singleSegment,IS1002b,IS1002b.Closeup3_orig.avi;558858986,IS1002b.Closeup4_orig.avi;1547183055,IS1002b.Headset-3.wav;3351237718,IS1002b.Closeup4_orig.avi;1547183055,D,C,1867,1898,,,,,,,,,,IS1002b_AV_1867_1898_0031_D_C3-D4,file_135.mp4
nontampered,singleSegment,IS1002b,IS1002b.Closeup1_orig.avi;3188134061,IS1002b.Closeup2_orig.avi;1338448134,IS1002b.Headset-0.wav;2892563234,IS1002b.Closeup1_orig.avi;3188134061,A,B,1698,1711,,,,,,,,,,IS1002b_AV_1698_1711_0013_A_A1-B2,file_142.mp4
nontampered,singleSegment,IS1007b,IS1007b.Closeup3_orig.avi;1370827822,IS1007b.Closeup4_orig.avi;4054433857,IS1007b.Headset-3.wav;3718318314,IS1007b.Closeup4_orig.avi;4054433857,D,C,1062,1072,,,,,,,,,,IS1007b_AV_1062_1072_0010_D_C3-D4,file_146.mp4
nontampered,singleSegment,IS1005b,IS1005b.Closeup1_orig.avi;1743865349,IS1005b.Closeup3_orig.avi;833085407,IS1005b.Headset-2.wav;3527090808,IS1005b.Closeup3_orig.avi;833085407,C,A,794,813,,,,,,,,,,IS1005b_AV_0794_0813_0019_C_A1-C3,file_150.mp4
nontampered,singleSegment,IS1007b,IS1007b.Closeup3_orig.avi;1370827822,IS1007b.Closeup4_orig.avi;4054433857,IS1007b.Headset-3.wav;3718318314,IS1007b.Closeup4_orig.avi;4054433857,D,C,1034,1044,,,,,,,,,,IS1007b_AV_1034_1044_0010_D_C3-D4,file_152.mp4
nontampered,singleSegment,IS1004b,IS1004b.Closeup2_orig.avi;3098539261,IS1004b.Closeup4_orig.avi;1677578369,IS1004b.Headset-1.wav;832556769,IS1004b.Closeup2_orig.avi;3098539261,B,D,1163,1185,,,,,,,,,,IS1004b_AV_1163_1185_0022_B_B2-D4,file_153.mp4
nontampered,singleSegment,IS1007b,IS1007b.Closeup2_orig.avi;3240980648,IS1007b.Closeup4_orig.avi;4054433857,IS1007b.Headset-1.wav;2509255904,IS1007b.Closeup2_orig.avi;3240980648,B,D,578,597,,,,,,,,,,IS1007b_AV_0578_0597_0019_B_B2-D4,file_154.mp4
nontampered,singleSegment,IS1007b,IS1007b.Closeup2_orig.avi;3240980648,IS1007b.Closeup4_orig.avi;4054433857,IS1007b.Headset-1.wav;2509255904,IS1007b.Closeup2_orig.avi;3240980648,B,D,597,642,,,,,,,,,,IS1007b_AV_0597_0642_0045_B_B2-D4,file_167.mp4
nontampered,singleSegment,IS1008b,IS1008b.Closeup2_orig.avi;1740313366,IS1008b.Closeup4_orig.avi;119771819,IS1008b.Headset-1.wav;2018916707,IS1008b.Closeup2_orig.avi;1740313366,B,D,387,401,,,,,,,,,,IS1008b_AV_0387_0401_0014_B_B2-D4,file_168.mp4
nontampered,singleSegment,IS1007b,IS1007b.Closeup2_orig.avi;3240980648,IS1007b.Closeup4_orig.avi;4054433857,IS1007b.Headset-1.wav;2509255904,IS1007b.Closeup2_orig.avi;3240980648,B,D,645,652,,,,,,,,,,IS1007b_AV_0645_0652_0007_B_B2-D4,file_169.mp4
nontampered,singleSegment,IS1005b,IS1005b.Closeup1_orig.avi;1743865349,IS1005b.Closeup3_orig.avi;833085407,IS1005b.Headset-2.wav;3527090808,IS1005b.Closeup3_orig.avi;833085407,C,A,772,790,,,,,,,,,,IS1005b_AV_0772_0790_0018_C_A1-C3,file_174.mp4
nontampered,singleSegment,IS1008b,IS1008b.Closeup1_orig.avi;3788450033,IS1008b.Closeup2_orig.avi;1740313366,IS1008b.Headset-0.wav;2959176245,IS1008b.Closeup1_orig.avi;3788450033,A,B,905,911,,,,,,,,,,IS1008b_AV_0905_0911_0006_A_A1-B2,file_176.mp4
nontampered,singleSegment,IS1005b,IS1005b.Closeup3_orig.avi;833085407,IS1005b.Closeup4_orig.avi;143329121,IS1005b.Headset-3.wav;708075228,IS1005b.Closeup4_orig.avi;143329121,D,C,1828,1834,,,,,,,,,,IS1005b_AV_1828_1834_0006_D_C3-D4,file_178.mp4
nontampered,singleSegment,IS1004b,IS1004b.Closeup1_orig.avi;2654432044,IS1004b.Closeup2_orig.avi;3098539261,IS1004b.Headset-0.wav;1570942489,IS1004b.Closeup1_orig.avi;2654432044,A,B,1650,1680,,,,,,,,,,IS1004b_AV_1650_1680_0030_A_A1-B2,file_184.mp4
nontampered,singleSegment,IS1001b,IS1001b.Closeup2_orig.avi;360704331,IS1001b.Closeup4_orig.avi;1095357424,IS1001b.Headset-1.wav;2278578339,IS1001b.Closeup2_orig.avi;360704331,B,D,1520,1526,,,,,,,,,,IS1001b_AV_1520_1526_0006_B_B2-D4,file_186.mp4
nontampered,singleSegment,IS1002b,IS1002b.Closeup3_orig.avi;558858986,IS1002b.Closeup4_orig.avi;1547183055,IS1002b.Headset-3.wav;3351237718,IS1002b.Closeup4_orig.avi;1547183055,D,C,1671,1678,,,,,,,,,,IS1002b_AV_1671_1678_0007_D_C3-D4,file_188.mp4
nontampered,singleSegment,IS1005b,IS1005b.Closeup3_orig.avi;833085407,IS1005b.Closeup4_orig.avi;143329121,IS1005b.Headset-3.wav;708075228,IS1005b.Closeup4_orig.avi;143329121,D,C,2043,2051,,,,,,,,,,IS1005b_AV_2043_2051_0008_D_C3-D4,file_189.mp4
nontampered,singleSegment,IS1008b,IS1008b.Closeup2_orig.avi;1740313366,IS1008b.Closeup4_orig.avi;119771819,IS1008b.Headset-1.wav;2018916707,IS1008b.Closeup2_orig.avi;1740313366,B,D,430,447,,,,,,,,,,IS1008b_AV_0430_0447_0017_B_B2-D4,file_190.mp4
nontampered,singleSegment,IS1007b,IS1007b.Closeup3_orig.avi;1370827822,IS1007b.Closeup4_orig.avi;4054433857,IS1007b.Headset-3.wav;3718318314,IS1007b.Closeup4_orig.avi;4054433857,D,C,913,919,,,,,,,,,,IS1007b_AV_0913_0919_0006_D_C3-D4,file_192.mp4
nontampered,singleSegment,IS1001b,IS1001b.Closeup2_orig.avi;360704331,IS1001b.Closeup4_orig.avi;1095357424,IS1001b.Headset-1.wav;2278578339,IS1001b.Closeup2_orig.avi;360704331,B,D,1396,1406,,,,,,,,,,IS1001b_AV_1396_1406_0010_B_B2-D4,file_194.mp4
nontampered,singleSegment,IS1008b,IS1008b.Closeup1_orig.avi;3788450033,IS1008b.Closeup2_orig.avi;1740313366,IS1008b.Headset-0.wav;2959176245,IS1008b.Closeup1_orig.avi;3788450033,A,B,1193,1201,,,,,,,,,,IS1008b_AV_1193_1201_0008_A_A1-B2,file_195.mp4
nontampered,singleSegment,IS1004b,IS1004b.Closeup1_orig.avi;2654432044,IS1004b.Closeup3_orig.avi;3722840738,IS1004b.Headset-2.wav;3349573229,IS1004b.Closeup3_orig.avi;3722840738,C,A,1303,1313,,,,,,,,,,IS1004b_AV_1303_1313_0010_C_A1-C3,file_213.mp4
nontampered,singleSegment,IS1008b,IS1008b.Closeup2_orig.avi;1740313366,IS1008b.Closeup4_orig.avi;119771819,IS1008b.Headset-1.wav;2018916707,IS1008b.Closeup2_orig.avi;1740313366,B,D,360,367,,,,,,,,,,IS1008b_AV_0360_0367_0007_B_B2-D4,file_219.mp4
nontampered,singleSegment,IS1001b,IS1001b.Closeup1_orig.avi;3042235681,IS1001b.Closeup2_orig.avi;360704331,IS1001b.Headset-0.wav;83638217,IS1001b.Closeup1_orig.avi;3042235681,A,B,914,922,,,,,,,,,,IS1001b_AV_0914_0922_0008_A_A1-B2,file_225.mp4
nontampered,singleSegment,IS1001b,IS1001b.Closeup1_orig.avi;3042235681,IS1001b.Closeup2_orig.avi;360704331,IS1001b.Headset-0.wav;83638217,IS1001b.Closeup1_orig.avi;3042235681,A,B,1864,1877,,,,,,,,,,IS1001b_AV_1864_1877_0013_A_A1-B2,file_233.mp4
nontampered,singleSegment,IS1008b,IS1008b.Closeup2_orig.avi;1740313366,IS1008b.Closeup4_orig.avi;119771819,IS1008b.Headset-1.wav;2018916707,IS1008b.Closeup2_orig.avi;1740313366,B,D,349,361,,,,,,,,,,IS1008b_AV_0349_0361_0012_B_B2-D4,file_235.mp4
nontampered,singleSegment,IS1008b,IS1008b.Closeup1_orig.avi;3788450033,IS1008b.Closeup3_orig.avi;1554726881,IS1008b.Headset-2.wav;1609860318,IS1008b.Closeup3_orig.avi;1554726881,C,A,1675,1693,,,,,,,,,,IS1008b_AV_1675_1693_0018_C_A1-C3,file_239.mp4
nontampered,concatenateSegments,IS1007b,IS1007b.Closeup1_orig.avi;1238947037,IS1007b.Closeup3_orig.avi;1370827822,IS1007b.Headset-2.wav;2141475348,IS1007b.Closeup3_orig.avi;1370827822,C,A,296,318,22,IS1007b.Closeup3_orig.avi;1370827822,IS1007b.Closeup4_orig.avi;4054433857,IS1007b.Headset-3.wav;3718318314,IS1007b.Closeup4_orig.avi;4054433857,D,C,1034,1044,IS1007b_VCONC_2SPK_1CHG_IS1007b_0296_0318_0022_C_A1-C3_IS1007b_1034_1044_0010_D_C3-D4,file_003.mp4
nontampered,concatenateSegments,IS1002b,IS1002b.Closeup2_orig.avi;1338448134,IS1002b.Closeup4_orig.avi;1547183055,IS1002b.Headset-1.wav;1093857895,IS1002b.Closeup2_orig.avi;1338448134,B,D,1031,1051,20,IS1002b.Closeup1_orig.avi;3188134061,IS1002b.Closeup3_orig.avi;558858986,IS1002b.Headset-2.wav;3593873109,IS1002b.Closeup3_orig.avi;558858986,C,A,1196,1203,IS1002b_VCONC_2SPK_1CHG_IS1002b_1031_1051_0020_B_B2-D4_IS1002b_1196_1203_0007_C_A1-C3,file_010.mp4
nontampered,concatenateSegments,IS1008b,IS1008b.Closeup1_orig.avi;3788450033,IS1008b.Closeup2_orig.avi;1740313366,IS1008b.Headset-0.wav;2959176245,IS1008b.Closeup1_orig.avi;3788450033,A,B,1112,1122,10,IS1008b.Closeup1_orig.avi;3788450033,IS1008b.Closeup3_orig.avi;1554726881,IS1008b.Headset-2.wav;1609860318,IS1008b.Closeup3_orig.avi;1554726881,C,A,1400,1414,IS1008b_VCONC_2SPK_1CHG_IS1008b_1112_1122_0010_A_A1-B2_IS1008b_1400_1414_0014_C_A1-C3,file_013.mp4
nontampered,concatenateSegments,IS1007b,IS1007b.Closeup1_orig.avi;1238947037,IS1007b.Closeup3_orig.avi;1370827822,IS1007b.Headset-2.wav;2141475348,IS1007b.Closeup3_orig.avi;1370827822,C,A,339,356,17,IS1007b.Closeup3_orig.avi;1370827822,IS1007b.Closeup4_orig.avi;4054433857,IS1007b.Headset-3.wav;3718318314,IS1007b.Closeup4_orig.avi;4054433857,D,C,365,373,IS1007b_VCONC_2SPK_1CHG_IS1007b_0339_0356_0017_C_A1-C3_IS1007b_0365_0373_0008_D_C3-D4,file_021.mp4
nontampered,concatenateSegments,IS1008b,IS1008b.Closeup1_orig.avi;3788450033,IS1008b.Closeup2_orig.avi;1740313366,IS1008b.Headset-0.wav;2959176245,IS1008b.Closeup1_orig.avi;3788450033,A,B,478,485,7,IS1008b.Closeup2_orig.avi;1740313366,IS1008b.Closeup4_orig.avi;119771819,IS1008b.Headset-1.wav;2018916707,IS1008b.Closeup2_orig.avi;1740313366,B,D,273,294,IS1008b_VCONC_2SPK_1CHG_IS1008b_0478_0485_0007_A_A1-B2_IS1008b_0273_0294_0021_B_B2-D4,file_023.mp4
nontampered,concatenateSegments,IS1007b,IS1007b.Closeup2_orig.avi;3240980648,IS1007b.Closeup4_orig.avi;4054433857,IS1007b.Headset-1.wav;2509255904,IS1007b.Closeup2_orig.avi;3240980648,B,D,578,597,19,IS1007b.Closeup3_orig.avi;1370827822,IS1007b.Closeup4_orig.avi;4054433857,IS1007b.Headset-3.wav;3718318314,IS1007b.Closeup4_orig.avi;4054433857,D,C,413,427,IS1007b_VCONC_2SPK_1CHG_IS1007b_0578_0597_0019_B_B2-D4_IS1007b_0413_0427_0014_D_C3-D4,file_028.mp4
nontampered,concatenateSegments,IS1005b,IS1005b.Closeup2_orig.avi;1856408601,IS1005b.Closeup4_orig.avi;143329121,IS1005b.Headset-1.wav;2867212642,IS1005b.Closeup2_orig.avi;1856408601,B,D,1706,1721,15,IS1005b.Closeup3_orig.avi;833085407,IS1005b.Closeup4_orig.avi;143329121,IS1005b.Headset-3.wav;708075228,IS1005b.Closeup4_orig.avi;143329121,D,C,1694,1705,IS1005b_VCONC_2SPK_1CHG_IS1005b_1706_1721_0015_B_B2-D4_IS1005b_1694_1705_0011_D_C3-D4,file_029.mp4
nontampered,concatenateSegments,IS1002b,IS1002b.Closeup1_orig.avi;3188134061,IS1002b.Closeup2_orig.avi;1338448134,IS1002b.Headset-0.wav;2892563234,IS1002b.Closeup1_orig.avi;3188134061,A,B,1792,1814,22,IS1002b.Closeup3_orig.avi;558858986,IS1002b.Closeup4_orig.avi;1547183055,IS1002b.Headset-3.wav;3351237718,IS1002b.Closeup4_orig.avi;1547183055,D,C,253,273,IS1002b_VCONC_2SPK_1CHG_IS1002b_1792_1814_0022_A_A1-B2_IS1002b_0253_0273_0020_D_C3-D4,file_031.mp4
nontampered,concatenateSegments,IS1002b,IS1002b.Closeup1_orig.avi;3188134061,IS1002b.Closeup2_orig.avi;1338448134,IS1002b.Headset-0.wav;2892563234,IS1002b.Closeup1_orig.avi;3188134061,A,B,750,759,9,IS1002b.Closeup3_orig.avi;558858986,IS1002b.Closeup4_orig.avi;1547183055,IS1002b.Headset-3.wav;3351237718,IS1002b.Closeup4_orig.avi;1547183055,D,C,1783,1793,IS1002b_VCONC_2SPK_1CHG_IS1002b_0750_0759_0009_A_A1-B2_IS1002b_1783_1793_0010_D_C3-D4,file_033.mp4
nontampered,concatenateSegments,IS1005b,IS1005b.Closeup1_orig.avi;1743865349,IS1005b.Closeup2_orig.avi;1856408601,IS1005b.Headset-0.wav;4238957114,IS1005b.Closeup1_orig.avi;1743865349,A,B,1415,1426,11,IS1005b.Closeup1_orig.avi;1743865349,IS1005b.Closeup3_orig.avi;833085407,IS1005b.Headset-2.wav;3527090808,IS1005b.Closeup3_orig.avi;833085407,C,A,2058,2065,IS1005b_VCONC_2SPK_1CHG_IS1005b_1415_1426_0011_A_A1-B2_IS1005b_2058_2065_0007_C_A1-C3,file_035.mp4
nontampered,concatenateSegments,IS1007b,IS1007b.Closeup1_orig.avi;1238947037,IS1007b.Closeup2_orig.avi;3240980648,IS1007b.Headset-0.wav;4012001298,IS1007b.Closeup1_orig.avi;1238947037,A,B,1032,1039,7,IS1007b.Closeup1_orig.avi;1238947037,IS1007b.Closeup3_orig.avi;1370827822,IS1007b.Headset-2.wav;2141475348,IS1007b.Closeup3_orig.avi;1370827822,C,A,664,684,IS1007b_VCONC_2SPK_1CHG_IS1007b_1032_1039_0007_A_A1-B2_IS1007b_0664_0684_0020_C_A1-C3,file_037.mp4
nontampered,concatenateSegments,IS1002b,IS1002b.Closeup2_orig.avi;1338448134,IS1002b.Closeup4_orig.avi;1547183055,IS1002b.Headset-1.wav;1093857895,IS1002b.Closeup2_orig.avi;1338448134,B,D,1980,1987,7,IS1002b.Closeup3_orig.avi;558858986,IS1002b.Closeup4_orig.avi;1547183055,IS1002b.Headset-3.wav;3351237718,IS1002b.Closeup4_orig.avi;1547183055,D,C,1897,1909,IS1002b_VCONC_2SPK_1CHG_IS1002b_1980_1987_0007_B_B2-D4_IS1002b_1897_1909_0012_D_C3-D4,file_044.mp4
nontampered,concatenateSegments,IS1002b,IS1002b.Closeup1_orig.avi;3188134061,IS1002b.Closeup3_orig.avi;558858986,IS1002b.Headset-2.wav;3593873109,IS1002b.Closeup3_orig.avi;558858986,C,A,824,834,10,IS1002b.Closeup3_orig.avi;558858986,IS1002b.Closeup4_orig.avi;1547183055,IS1002b.Headset-3.wav;3351237718,IS1002b.Closeup4_orig.avi;1547183055,D,C,1132,1159,IS1002b_VCONC_2SPK_1CHG_IS1002b_0824_0834_0010_C_A1-C3_IS1002b_1132_1159_0027_D_C3-D4,file_046.mp4
nontampered,concatenateSegments,IS1002b,IS1002b.Closeup2_orig.avi;1338448134,IS1002b.Closeup4_orig.avi;1547183055,IS1002b.Headset-1.wav;1093857895,IS1002b.Closeup2_orig.avi;1338448134,B,D,1980,1987,7,IS1002b.Closeup1_orig.avi;3188134061,IS1002b.Closeup3_orig.avi;558858986,IS1002b.Headset-2.wav;3593873109,IS1002b.Closeup3_orig.avi;558858986,C,A,623,637,IS1002b_VCONC_2SPK_1CHG_IS1002b_1980_1987_0007_B_B2-D4_IS1002b_0623_0637_0014_C_A1-C3,file_048.mp4
nontampered,concatenateSegments,IS1001b,IS1001b.Closeup1_orig.avi;3042235681,IS1001b.Closeup2_orig.avi;360704331,IS1001b.Headset-0.wav;83638217,IS1001b.Closeup1_orig.avi;3042235681,A,B,932,950,18,IS1001b.Closeup2_orig.avi;360704331,IS1001b.Closeup4_orig.avi;1095357424,IS1001b.Headset-1.wav;2278578339,IS1001b.Closeup2_orig.avi;360704331,B,D,1353,1371,IS1001b_VCONC_2SPK_1CHG_IS1001b_0932_0950_0018_A_A1-B2_IS1001b_1353_1371_0018_B_B2-D4,file_051.mp4
nontampered,concatenateSegments,IS1008b,IS1008b.Closeup2_orig.avi;1740313366,IS1008b.Closeup4_orig.avi;119771819,IS1008b.Headset-1.wav;2018916707,IS1008b.Closeup2_orig.avi;1740313366,B,D,313,327,14,IS1008b.Closeup1_orig.avi;3788450033,IS1008b.Closeup3_orig.avi;1554726881,IS1008b.Headset-2.wav;1609860318,IS1008b.Closeup3_orig.avi;1554726881,C,A,1600,1607,IS1008b_VCONC_2SPK_1CHG_IS1008b_0313_0327_0014_B_B2-D4_IS1008b_1600_1607_0007_C_A1-C3,file_054.mp4
nontampered,concatenateSegments,IS1004b,IS1004b.Closeup1_orig.avi;2654432044,IS1004b.Closeup2_orig.avi;3098539261,IS1004b.Headset-0.wav;1570942489,IS1004b.Closeup1_orig.avi;2654432044,A,B,1863,1874,11,IS1004b.Closeup3_orig.avi;3722840738,IS1004b.Closeup4_orig.avi;1677578369,IS1004b.Headset-3.wav;1069144428,IS1004b.Closeup4_orig.avi;1677578369,D,C,624,634,IS1004b_VCONC_2SPK_1CHG_IS1004b_1863_1874_0011_A_A1-B2_IS1004b_0624_0634_0010_D_C3-D4,file_056.mp4
nontampered,concatenateSegments,IS1008b,IS1008b.Closeup2_orig.avi;1740313366,IS1008b.Closeup4_orig.avi;119771819,IS1008b.Headset-1.wav;2018916707,IS1008b.Closeup2_orig.avi;1740313366,B,D,977,992,15,IS1008b.Closeup1_orig.avi;3788450033,IS1008b.Closeup3_orig.avi;1554726881,IS1008b.Headset-2.wav;1609860318,IS1008b.Closeup3_orig.avi;1554726881,C,A,1392,1398,IS1008b_VCONC_2SPK_1CHG_IS1008b_0977_0992_0015_B_B2-D4_IS1008b_1392_1398_0006_C_A1-C3,file_070.mp4
nontampered,concatenateSegments,IS1004b,IS1004b.Closeup2_orig.avi;3098539261,IS1004b.Closeup4_orig.avi;1677578369,IS1004b.Headset-1.wav;832556769,IS1004b.Closeup2_orig.avi;3098539261,B,D,1184,1216,32,IS1004b.Closeup1_orig.avi;2654432044,IS1004b.Closeup3_orig.avi;3722840738,IS1004b.Headset-2.wav;3349573229,IS1004b.Closeup3_orig.avi;3722840738,C,A,748,756,IS1004b_VCONC_2SPK_1CHG_IS1004b_1184_1216_0032_B_B2-D4_IS1004b_0748_0756_0008_C_A1-C3,file_071.mp4
nontampered,concatenateSegments,IS1002b,IS1002b.Closeup2_orig.avi;1338448134,IS1002b.Closeup4_orig.avi;1547183055,IS1002b.Headset-1.wav;1093857895,IS1002b.Closeup2_orig.avi;1338448134,B,D,2082,2115,33,IS1002b.Closeup3_orig.avi;558858986,IS1002b.Closeup4_orig.avi;1547183055,IS1002b.Headset-3.wav;3351237718,IS1002b.Closeup4_orig.avi;1547183055,D,C,1948,1955,IS1002b_VCONC_2SPK_1CHG_IS1002b_2082_2115_0033_B_B2-D4_IS1002b_1948_1955_0007_D_C3-D4,file_073.mp4
nontampered,concatenateSegments,IS1002b,IS1002b.Closeup1_orig.avi;3188134061,IS1002b.Closeup2_orig.avi;1338448134,IS1002b.Headset-0.wav;2892563234,IS1002b.Closeup1_orig.avi;3188134061,A,B,894,910,16,IS1002b.Closeup3_orig.avi;558858986,IS1002b.Closeup4_orig.avi;1547183055,IS1002b.Headset-3.wav;3351237718,IS1002b.Closeup4_orig.avi;1547183055,D,C,1381,1403,IS1002b_VCONC_2SPK_1CHG_IS1002b_0894_0910_0016_A_A1-B2_IS1002b_1381_1403_0022_D_C3-D4,file_074.mp4
nontampered,concatenateSegments,IS1002b,IS1002b.Closeup1_orig.avi;3188134061,IS1002b.Closeup2_orig.avi;1338448134,IS1002b.Headset-0.wav;2892563234,IS1002b.Closeup1_orig.avi;3188134061,A,B,970,993,23,IS1002b.Closeup3_orig.avi;558858986,IS1002b.Closeup4_orig.avi;1547183055,IS1002b.Headset-3.wav;3351237718,IS1002b.Closeup4_orig.avi;1547183055,D,C,1948,1955,IS1002b_VCONC_2SPK_1CHG_IS1002b_0970_0993_0023_A_A1-B2_IS1002b_1948_1955_0007_D_C3-D4,file_075.mp4
nontampered,concatenateSegments,IS1002b,IS1002b.Closeup2_orig.avi;1338448134,IS1002b.Closeup4_orig.avi;1547183055,IS1002b.Headset-1.wav;1093857895,IS1002b.Closeup2_orig.avi;1338448134,B,D,1467,1481,14,IS1002b.Closeup3_orig.avi;558858986,IS1002b.Closeup4_orig.avi;1547183055,IS1002b.Headset-3.wav;3351237718,IS1002b.Closeup4_orig.avi;1547183055,D,C,1187,1194,IS1002b_VCONC_2SPK_1CHG_IS1002b_1467_1481_0014_B_B2-D4_IS1002b_1187_1194_0007_D_C3-D4,file_084.mp4
nontampered,concatenateSegments,IS1002b,IS1002b.Closeup1_orig.avi;3188134061,IS1002b.Closeup3_orig.avi;558858986,IS1002b.Headset-2.wav;3593873109,IS1002b.Closeup3_orig.avi;558858986,C,A,228,237,9,IS1002b.Closeup3_orig.avi;558858986,IS1002b.Closeup4_orig.avi;1547183055,IS1002b.Headset-3.wav;3351237718,IS1002b.Closeup4_orig.avi;1547183055,D,C,1558,1581,IS1002b_VCONC_2SPK_1CHG_IS1002b_0228_0237_0009_C_A1-C3_IS1002b_1558_1581_0023_D_C3-D4,file_087.mp4
nontampered,concatenateSegments,IS1005b,IS1005b.Closeup2_orig.avi;1856408601,IS1005b.Closeup4_orig.avi;143329121,IS1005b.Headset-1.wav;2867212642,IS1005b.Closeup2_orig.avi;1856408601,B,D,884,903,19,IS1005b.Closeup1_orig.avi;1743865349,IS1005b.Closeup3_orig.avi;833085407,IS1005b.Headset-2.wav;3527090808,IS1005b.Closeup3_orig.avi;833085407,C,A,2058,2065,IS1005b_VCONC_2SPK_1CHG_IS1005b_0884_0903_0019_B_B2-D4_IS1005b_2058_2065_0007_C_A1-C3,file_093.mp4
nontampered,concatenateSegments,IS1005b,IS1005b.Closeup1_orig.avi;1743865349,IS1005b.Closeup2_orig.avi;1856408601,IS1005b.Headset-0.wav;4238957114,IS1005b.Closeup1_orig.avi;1743865349,A,B,2027,2036,9,IS1005b.Closeup2_orig.avi;1856408601,IS1005b.Closeup4_orig.avi;143329121,IS1005b.Headset-1.wav;2867212642,IS1005b.Closeup2_orig.avi;1856408601,B,D,1646,1653,IS1005b_VCONC_2SPK_1CHG_IS1005b_2027_2036_0009_A_A1-B2_IS1005b_1646_1653_0007_B_B2-D4,file_102.mp4
nontampered,concatenateSegments,IS1005b,IS1005b.Closeup1_orig.avi;1743865349,IS1005b.Closeup2_orig.avi;1856408601,IS1005b.Headset-0.wav;4238957114,IS1005b.Closeup1_orig.avi;1743865349,A,B,1657,1663,6,IS1005b.Closeup3_orig.avi;833085407,IS1005b.Closeup4_orig.avi;143329121,IS1005b.Headset-3.wav;708075228,IS1005b.Closeup4_orig.avi;143329121,D,C,1694,1705,IS1005b_VCONC_2SPK_1CHG_IS1005b_1657_1663_0006_A_A1-B2_IS1005b_1694_1705_0011_D_C3-D4,file_104.mp4
nontampered,concatenateSegments,IS1002b,IS1002b.Closeup2_orig.avi;1338448134,IS1002b.Closeup4_orig.avi;1547183055,IS1002b.Headset-1.wav;1093857895,IS1002b.Closeup2_orig.avi;1338448134,B,D,374,400,26,IS1002b.Closeup3_orig.avi;558858986,IS1002b.Closeup4_orig.avi;1547183055,IS1002b.Headset-3.wav;3351237718,IS1002b.Closeup4_orig.avi;1547183055,D,C,912,931,IS1002b_VCONC_2SPK_1CHG_IS1002b_0374_0400_0026_B_B2-D4_IS1002b_0912_0931_0019_D_C3-D4,file_107.mp4
nontampered,concatenateSegments,IS1007b,IS1007b.Closeup2_orig.avi;3240980648,IS1007b.Closeup4_orig.avi;4054433857,IS1007b.Headset-1.wav;2509255904,IS1007b.Closeup2_orig.avi;3240980648,B,D,645,652,7,IS1007b.Closeup3_orig.avi;1370827822,IS1007b.Closeup4_orig.avi;4054433857,IS1007b.Headset-3.wav;3718318314,IS1007b.Closeup4_orig.avi;4054433857,D,C,413,427,IS1007b_VCONC_2SPK_1CHG_IS1007b_0645_0652_0007_B_B2-D4_IS1007b_0413_0427_0014_D_C3-D4,file_116.mp4
nontampered,concatenateSegments,IS1005b,IS1005b.Closeup1_orig.avi;1743865349,IS1005b.Closeup2_orig.avi;1856408601,IS1005b.Headset-0.wav;4238957114,IS1005b.Closeup1_orig.avi;1743865349,A,B,1721,1737,16,IS1005b.Closeup3_orig.avi;833085407,IS1005b.Closeup4_orig.avi;143329121,IS1005b.Headset-3.wav;708075228,IS1005b.Closeup4_orig.avi;143329121,D,C,2043,2051,IS1005b_VCONC_2SPK_1CHG_IS1005b_1721_1737_0016_A_A1-B2_IS1005b_2043_2051_0008_D_C3-D4,file_126.mp4
nontampered,concatenateSegments,IS1004b,IS1004b.Closeup1_orig.avi;2654432044,IS1004b.Closeup3_orig.avi;3722840738,IS1004b.Headset-2.wav;3349573229,IS1004b.Closeup3_orig.avi;3722840738,C,A,1047,1056,9,IS1004b.Closeup3_orig.avi;3722840738,IS1004b.Closeup4_orig.avi;1677578369,IS1004b.Headset-3.wav;1069144428,IS1004b.Closeup4_orig.avi;1677578369,D,C,1843,1851,IS1004b_VCONC_2SPK_1CHG_IS1004b_1047_1056_0009_C_A1-C3_IS1004b_1843_1851_0008_D_C3-D4,file_127.mp4
nontampered,concatenateSegments,IS1001b,IS1001b.Closeup1_orig.avi;3042235681,IS1001b.Closeup2_orig.avi;360704331,IS1001b.Headset-0.wav;83638217,IS1001b.Closeup1_orig.avi;3042235681,A,B,914,922,8,IS1001b.Closeup2_orig.avi;360704331,IS1001b.Closeup4_orig.avi;1095357424,IS1001b.Headset-1.wav;2278578339,IS1001b.Closeup2_orig.avi;360704331,B,D,1801,1810,IS1001b_VCONC_2SPK_1CHG_IS1001b_0914_0922_0008_A_A1-B2_IS1001b_1801_1810_0009_B_B2-D4,file_131.mp4
nontampered,concatenateSegments,IS1008b,IS1008b.Closeup1_orig.avi;3788450033,IS1008b.Closeup2_orig.avi;1740313366,IS1008b.Headset-0.wav;2959176245,IS1008b.Closeup1_orig.avi;3788450033,A,B,665,673,8,IS1008b.Closeup1_orig.avi;3788450033,IS1008b.Closeup3_orig.avi;1554726881,IS1008b.Headset-2.wav;1609860318,IS1008b.Closeup3_orig.avi;1554726881,C,A,1024,1037,IS1008b_VCONC_2SPK_1CHG_IS1008b_0665_0673_0008_A_A1-B2_IS1008b_1024_1037_0013_C_A1-C3,file_140.mp4
nontampered,concatenateSegments,IS1001b,IS1001b.Closeup1_orig.avi;3042235681,IS1001b.Closeup2_orig.avi;360704331,IS1001b.Headset-0.wav;83638217,IS1001b.Closeup1_orig.avi;3042235681,A,B,1622,1641,19,IS1001b.Closeup3_orig.avi;2416607761,IS1001b.Closeup4_orig.avi;1095357424,IS1001b.Headset-3.wav;3827580265,IS1001b.Closeup4_orig.avi;1095357424,D,C,520,543,IS1001b_VCONC_2SPK_1CHG_IS1001b_1622_1641_0019_A_A1-B2_IS1001b_0520_0543_0023_D_C3-D4,file_144.mp4
nontampered,concatenateSegments,IS1008b,IS1008b.Closeup2_orig.avi;1740313366,IS1008b.Closeup4_orig.avi;119771819,IS1008b.Headset-1.wav;2018916707,IS1008b.Closeup2_orig.avi;1740313366,B,D,430,447,17,IS1008b.Closeup1_orig.avi;3788450033,IS1008b.Closeup3_orig.avi;1554726881,IS1008b.Headset-2.wav;1609860318,IS1008b.Closeup3_orig.avi;1554726881,C,A,1024,1037,IS1008b_VCONC_2SPK_1CHG_IS1008b_0430_0447_0017_B_B2-D4_IS1008b_1024_1037_0013_C_A1-C3,file_149.mp4
nontampered,concatenateSegments,IS1004b,IS1004b.Closeup2_orig.avi;3098539261,IS1004b.Closeup4_orig.avi;1677578369,IS1004b.Headset-1.wav;832556769,IS1004b.Closeup2_orig.avi;3098539261,B,D,837,856,19,IS1004b.Closeup1_orig.avi;2654432044,IS1004b.Closeup3_orig.avi;3722840738,IS1004b.Headset-2.wav;3349573229,IS1004b.Closeup3_orig.avi;3722840738,C,A,1382,1389,IS1004b_VCONC_2SPK_1CHG_IS1004b_0837_0856_0019_B_B2-D4_IS1004b_1382_1389_0007_C_A1-C3,file_157.mp4
nontampered,concatenateSegments,IS1005b,IS1005b.Closeup1_orig.avi;1743865349,IS1005b.Closeup2_orig.avi;1856408601,IS1005b.Headset-0.wav;4238957114,IS1005b.Closeup1_orig.avi;1743865349,A,B,2027,2036,9,IS1005b.Closeup2_orig.avi;1856408601,IS1005b.Closeup4_orig.avi;143329121,IS1005b.Headset-1.wav;2867212642,IS1005b.Closeup2_orig.avi;1856408601,B,D,840,875,IS1005b_VCONC_2SPK_1CHG_IS1005b_2027_2036_0009_A_A1-B2_IS1005b_0840_0875_0035_B_B2-D4,file_162.mp4
nontampered,concatenateSegments,IS1002b,IS1002b.Closeup1_orig.avi;3188134061,IS1002b.Closeup2_orig.avi;1338448134,IS1002b.Headset-0.wav;2892563234,IS1002b.Closeup1_orig.avi;3188134061,A,B,215,229,14,IS1002b.Closeup3_orig.avi;558858986,IS1002b.Closeup4_orig.avi;1547183055,IS1002b.Headset-3.wav;3351237718,IS1002b.Closeup4_orig.avi;1547183055,D,C,1158,1186,IS1002b_VCONC_2SPK_1CHG_IS1002b_0215_0229_0014_A_A1-B2_IS1002b_1158_1186_0028_D_C3-D4,file_164.mp4
nontampered,concatenateSegments,IS1002b,IS1002b.Closeup2_orig.avi;1338448134,IS1002b.Closeup4_orig.avi;1547183055,IS1002b.Headset-1.wav;1093857895,IS1002b.Closeup2_orig.avi;1338448134,B,D,1031,1051,20,IS1002b.Closeup3_orig.avi;558858986,IS1002b.Closeup4_orig.avi;1547183055,IS1002b.Headset-3.wav;3351237718,IS1002b.Closeup4_orig.avi;1547183055,D,C,2315,2321,IS1002b_VCONC_2SPK_1CHG_IS1002b_1031_1051_0020_B_B2-D4_IS1002b_2315_2321_0006_D_C3-D4,file_166.mp4
nontampered,concatenateSegments,IS1005b,IS1005b.Closeup1_orig.avi;1743865349,IS1005b.Closeup2_orig.avi;1856408601,IS1005b.Headset-0.wav;4238957114,IS1005b.Closeup1_orig.avi;1743865349,A,B,1721,1737,16,IS1005b.Closeup2_orig.avi;1856408601,IS1005b.Closeup4_orig.avi;143329121,IS1005b.Headset-1.wav;2867212642,IS1005b.Closeup2_orig.avi;1856408601,B,D,1646,1653,IS1005b_VCONC_2SPK_1CHG_IS1005b_1721_1737_0016_A_A1-B2_IS1005b_1646_1653_0007_B_B2-D4,file_171.mp4
nontampered,concatenateSegments,IS1007b,IS1007b.Closeup1_orig.avi;1238947037,IS1007b.Closeup3_orig.avi;1370827822,IS1007b.Headset-2.wav;2141475348,IS1007b.Closeup3_orig.avi;1370827822,C,A,339,356,17,IS1007b.Closeup3_orig.avi;1370827822,IS1007b.Closeup4_orig.avi;4054433857,IS1007b.Headset-3.wav;3718318314,IS1007b.Closeup4_orig.avi;4054433857,D,C,994,1002,IS1007b_VCONC_2SPK_1CHG_IS1007b_0339_0356_0017_C_A1-C3_IS1007b_0994_1002_0008_D_C3-D4,file_173.mp4
nontampered,concatenateSegments,IS1001b,IS1001b.Closeup2_orig.avi;360704331,IS1001b.Closeup4_orig.avi;1095357424,IS1001b.Headset-1.wav;2278578339,IS1001b.Closeup2_orig.avi;360704331,B,D,1353,1371,18,IS1001b.Closeup1_orig.avi;3042235681,IS1001b.Closeup3_orig.avi;2416607761,IS1001b.Headset-2.wav;903526141,IS1001b.Closeup3_orig.avi;2416607761,C,A,1742,1753,IS1001b_VCONC_2SPK_1CHG_IS1001b_1353_1371_0018_B_B2-D4_IS1001b_1742_1753_0011_C_A1-C3,file_180.mp4
nontampered,concatenateSegments,IS1007b,IS1007b.Closeup2_orig.avi;3240980648,IS1007b.Closeup4_orig.avi;4054433857,IS1007b.Headset-1.wav;2509255904,IS1007b.Closeup2_orig.avi;3240980648,B,D,578,597,19,IS1007b.Closeup3_orig.avi;1370827822,IS1007b.Closeup4_orig.avi;4054433857,IS1007b.Headset-3.wav;3718318314,IS1007b.Closeup4_orig.avi;4054433857,D,C,913,919,IS1007b_VCONC_2SPK_1CHG_IS1007b_0578_0597_0019_B_B2-D4_IS1007b_0913_0919_0006_D_C3-D4,file_183.mp4
nontampered,concatenateSegments,IS1008b,IS1008b.Closeup2_orig.avi;1740313366,IS1008b.Closeup4_orig.avi;119771819,IS1008b.Headset-1.wav;2018916707,IS1008b.Closeup2_orig.avi;1740313366,B,D,1521,1532,11,IS1008b.Closeup1_orig.avi;3788450033,IS1008b.Closeup3_orig.avi;1554726881,IS1008b.Headset-2.wav;1609860318,IS1008b.Closeup3_orig.avi;1554726881,C,A,1461,1479,IS1008b_VCONC_2SPK_1CHG_IS1008b_1521_1532_0011_B_B2-D4_IS1008b_1461_1479_0018_C_A1-C3,file_185.mp4
nontampered,concatenateSegments,IS1008b,IS1008b.Closeup1_orig.avi;3788450033,IS1008b.Closeup2_orig.avi;1740313366,IS1008b.Headset-0.wav;2959176245,IS1008b.Closeup1_orig.avi;3788450033,A,B,1184,1194,10,IS1008b.Closeup3_orig.avi;1554726881,IS1008b.Closeup4_orig.avi;119771819,IS1008b.Headset-3.wav;3590807933,IS1008b.Closeup4_orig.avi;119771819,D,C,1061,1071,IS1008b_VCONC_2SPK_1CHG_IS1008b_1184_1194_0010_A_A1-B2_IS1008b_1061_1071_0010_D_C3-D4,file_191.mp4
nontampered,concatenateSegments,IS1008b,IS1008b.Closeup1_orig.avi;3788450033,IS1008b.Closeup2_orig.avi;1740313366,IS1008b.Headset-0.wav;2959176245,IS1008b.Closeup1_orig.avi;3788450033,A,B,1121,1127,6,IS1008b.Closeup1_orig.avi;3788450033,IS1008b.Closeup3_orig.avi;1554726881,IS1008b.Headset-2.wav;1609860318,IS1008b.Closeup3_orig.avi;1554726881,C,A,1461,1479,IS1008b_VCONC_2SPK_1CHG_IS1008b_1121_1127_0006_A_A1-B2_IS1008b_1461_1479_0018_C_A1-C3,file_199.mp4
nontampered,concatenateSegments,IS1007b,IS1007b.Closeup2_orig.avi;3240980648,IS1007b.Closeup4_orig.avi;4054433857,IS1007b.Headset-1.wav;2509255904,IS1007b.Closeup2_orig.avi;3240980648,B,D,952,967,15,IS1007b.Closeup3_orig.avi;1370827822,IS1007b.Closeup4_orig.avi;4054433857,IS1007b.Headset-3.wav;3718318314,IS1007b.Closeup4_orig.avi;4054433857,D,C,913,919,IS1007b_VCONC_2SPK_1CHG_IS1007b_0952_0967_0015_B_B2-D4_IS1007b_0913_0919_0006_D_C3-D4,file_205.mp4
nontampered,concatenateSegments,IS1004b,IS1004b.Closeup2_orig.avi;3098539261,IS1004b.Closeup4_orig.avi;1677578369,IS1004b.Headset-1.wav;832556769,IS1004b.Closeup2_orig.avi;3098539261,B,D,979,994,15,IS1004b.Closeup3_orig.avi;3722840738,IS1004b.Closeup4_orig.avi;1677578369,IS1004b.Headset-3.wav;1069144428,IS1004b.Closeup4_orig.avi;1677578369,D,C,2037,2044,IS1004b_VCONC_2SPK_1CHG_IS1004b_0979_0994_0015_B_B2-D4_IS1004b_2037_2044_0007_D_C3-D4,file_207.mp4
nontampered,concatenateSegments,IS1007b,IS1007b.Closeup2_orig.avi;3240980648,IS1007b.Closeup4_orig.avi;4054433857,IS1007b.Headset-1.wav;2509255904,IS1007b.Closeup2_orig.avi;3240980648,B,D,681,691,10,IS1007b.Closeup3_orig.avi;1370827822,IS1007b.Closeup4_orig.avi;4054433857,IS1007b.Headset-3.wav;3718318314,IS1007b.Closeup4_orig.avi;4054433857,D,C,925,937,IS1007b_VCONC_2SPK_1CHG_IS1007b_0681_0691_0010_B_B2-D4_IS1007b_0925_0937_0012_D_C3-D4,file_209.mp4
nontampered,concatenateSegments,IS1005b,IS1005b.Closeup1_orig.avi;1743865349,IS1005b.Closeup3_orig.avi;833085407,IS1005b.Headset-2.wav;3527090808,IS1005b.Closeup3_orig.avi;833085407,C,A,2065,2093,28,IS1005b.Closeup3_orig.avi;833085407,IS1005b.Closeup4_orig.avi;143329121,IS1005b.Headset-3.wav;708075228,IS1005b.Closeup4_orig.avi;143329121,D,C,1885,1903,IS1005b_VCONC_2SPK_1CHG_IS1005b_2065_2093_0028_C_A1-C3_IS1005b_1885_1903_0018_D_C3-D4,file_211.mp4
nontampered,concatenateSegments,IS1004b,IS1004b.Closeup2_orig.avi;3098539261,IS1004b.Closeup4_orig.avi;1677578369,IS1004b.Headset-1.wav;832556769,IS1004b.Closeup2_orig.avi;3098539261,B,D,855,879,24,IS1004b.Closeup1_orig.avi;2654432044,IS1004b.Closeup3_orig.avi;3722840738,IS1004b.Headset-2.wav;3349573229,IS1004b.Closeup3_orig.avi;3722840738,C,A,1273,1302,IS1004b_VCONC_2SPK_1CHG_IS1004b_0855_0879_0024_B_B2-D4_IS1004b_1273_1302_0029_C_A1-C3,file_212.mp4
nontampered,concatenateSegments,IS1008b,IS1008b.Closeup2_orig.avi;1740313366,IS1008b.Closeup4_orig.avi;119771819,IS1008b.Headset-1.wav;2018916707,IS1008b.Closeup2_orig.avi;1740313366,B,D,404,422,18,IS1008b.Closeup1_orig.avi;3788450033,IS1008b.Closeup3_orig.avi;1554726881,IS1008b.Headset-2.wav;1609860318,IS1008b.Closeup3_orig.avi;1554726881,C,A,1084,1090,IS1008b_VCONC_2SPK_1CHG_IS1008b_0404_0422_0018_B_B2-D4_IS1008b_1084_1090_0006_C_A1-C3,file_215.mp4
nontampered,concatenateSegments,IS1008b,IS1008b.Closeup1_orig.avi;3788450033,IS1008b.Closeup2_orig.avi;1740313366,IS1008b.Headset-0.wav;2959176245,IS1008b.Closeup1_orig.avi;3788450033,A,B,1121,1127,6,IS1008b.Closeup1_orig.avi;3788450033,IS1008b.Closeup3_orig.avi;1554726881,IS1008b.Headset-2.wav;1609860318,IS1008b.Closeup3_orig.avi;1554726881,C,A,1675,1693,IS1008b_VCONC_2SPK_1CHG_IS1008b_1121_1127_0006_A_A1-B2_IS1008b_1675_1693_0018_C_A1-C3,file_217.mp4
nontampered,concatenateSegments,IS1004b,IS1004b.Closeup1_orig.avi;2654432044,IS1004b.Closeup2_orig.avi;3098539261,IS1004b.Headset-0.wav;1570942489,IS1004b.Closeup1_orig.avi;2654432044,A,B,125,156,31,IS1004b.Closeup2_orig.avi;3098539261,IS1004b.Closeup4_orig.avi;1677578369,IS1004b.Headset-1.wav;832556769,IS1004b.Closeup2_orig.avi;3098539261,B,D,1753,1783,IS1004b_VCONC_2SPK_1CHG_IS1004b_0125_0156_0031_A_A1-B2_IS1004b_1753_1783_0030_B_B2-D4,file_223.mp4
nontampered,concatenateSegments,IS1007b,IS1007b.Closeup2_orig.avi;3240980648,IS1007b.Closeup4_orig.avi;4054433857,IS1007b.Headset-1.wav;2509255904,IS1007b.Closeup2_orig.avi;3240980648,B,D,578,597,19,IS1007b.Closeup1_orig.avi;1238947037,IS1007b.Closeup3_orig.avi;1370827822,IS1007b.Headset-2.wav;2141475348,IS1007b.Closeup3_orig.avi;1370827822,C,A,339,356,IS1007b_VCONC_2SPK_1CHG_IS1007b_0578_0597_0019_B_B2-D4_IS1007b_0339_0356_0017_C_A1-C3,file_226.mp4
nontampered,concatenateSegments,IS1008b,IS1008b.Closeup1_orig.avi;3788450033,IS1008b.Closeup2_orig.avi;1740313366,IS1008b.Headset-0.wav;2959176245,IS1008b.Closeup1_orig.avi;3788450033,A,B,691,702,11,IS1008b.Closeup2_orig.avi;1740313366,IS1008b.Closeup4_orig.avi;119771819,IS1008b.Headset-1.wav;2018916707,IS1008b.Closeup2_orig.avi;1740313366,B,D,344,350,IS1008b_VCONC_2SPK_1CHG_IS1008b_0691_0702_0011_A_A1-B2_IS1008b_0344_0350_0006_B_B2-D4,file_227.mp4
nontampered,concatenateSegments,IS1004b,IS1004b.Closeup2_orig.avi;3098539261,IS1004b.Closeup4_orig.avi;1677578369,IS1004b.Headset-1.wav;832556769,IS1004b.Closeup2_orig.avi;3098539261,B,D,837,856,19,IS1004b.Closeup3_orig.avi;3722840738,IS1004b.Closeup4_orig.avi;1677578369,IS1004b.Headset-3.wav;1069144428,IS1004b.Closeup4_orig.avi;1677578369,D,C,344,360,IS1004b_VCONC_2SPK_1CHG_IS1004b_0837_0856_0019_B_B2-D4_IS1004b_0344_0360_0016_D_C3-D4,file_229.mp4
nontampered,concatenateSegments,IS1005b,IS1005b.Closeup1_orig.avi;1743865349,IS1005b.Closeup2_orig.avi;1856408601,IS1005b.Headset-0.wav;4238957114,IS1005b.Closeup1_orig.avi;1743865349,A,B,789,795,6,IS1005b.Closeup2_orig.avi;1856408601,IS1005b.Closeup4_orig.avi;143329121,IS1005b.Headset-1.wav;2867212642,IS1005b.Closeup2_orig.avi;1856408601,B,D,840,875,IS1005b_VCONC_2SPK_1CHG_IS1005b_0789_0795_0006_A_A1-B2_IS1005b_0840_0875_0035_B_B2-D4,file_232.mp4
nontampered,concatenateSegments,IS1004b,IS1004b.Closeup2_orig.avi;3098539261,IS1004b.Closeup4_orig.avi;1677578369,IS1004b.Headset-1.wav;832556769,IS1004b.Closeup2_orig.avi;3098539261,B,D,1163,1185,22,IS1004b.Closeup3_orig.avi;3722840738,IS1004b.Closeup4_orig.avi;1677578369,IS1004b.Headset-3.wav;1069144428,IS1004b.Closeup4_orig.avi;1677578369,D,C,1843,1851,IS1004b_VCONC_2SPK_1CHG_IS1004b_1163_1185_0022_B_B2-D4_IS1004b_1843_1851_0008_D_C3-D4,file_236.mp4
nontampered,concatenateSegments,IS1001b,IS1001b.Closeup2_orig.avi;360704331,IS1001b.Closeup4_orig.avi;1095357424,IS1001b.Headset-1.wav;2278578339,IS1001b.Closeup2_orig.avi;360704331,B,D,1934,1946,12,IS1001b.Closeup1_orig.avi;3042235681,IS1001b.Closeup3_orig.avi;2416607761,IS1001b.Headset-2.wav;903526141,IS1001b.Closeup3_orig.avi;2416607761,C,A,1742,1753,IS1001b_VCONC_2SPK_1CHG_IS1001b_1934_1946_0012_B_B2-D4_IS1001b_1742_1753_0011_C_A1-C3,file_238.mp4
tampered,videoInsertion,IS1004b,IS1004b.Closeup2_orig.avi;3098539261,IS1004b.Closeup4_orig.avi;1677578369,IS1004b.Headset-1.wav;832556769,IS1004b.Closeup2_orig.avi;3098539261,B,D,958,980,15,IS1004b.Closeup1_orig.avi;2654432044,IS1004b.Closeup2_orig.avi;3098539261,,IS1004b.Closeup1_orig.avi;2654432044,A,B,1312,1319,IS1004b_VINS_1SPK_1CHG_IS1004b_0958_0980_0022_B_B2-D4_15_IS1004b_1312_1319_0007_A_A1-B2,file_005.mp4
tampered,videoInsertion,IS1009b,IS1009b.Closeup3_orig.avi;3363513753,IS1009b.Closeup4_orig.avi;974629776,IS1009b.Headset-3.wav;2915009341,IS1009b.Closeup4_orig.avi;974629776,D,C,120,166,40,IS1009b.Closeup1_orig.avi;2518535608,IS1009b.Closeup2_orig.avi;98000267,,IS1009b.Closeup1_orig.avi;2518535608,A,B,869,875,IS1009b_VINS_1SPK_1CHG_IS1009b_0120_0166_0046_D_C3-D4_40_IS1009b_0869_0875_0006_A_A1-B2,file_007.mp4
tampered,videoInsertion,IS1007b,IS1007b.Closeup1_orig.avi;1238947037,IS1007b.Closeup3_orig.avi;1370827822,IS1007b.Headset-2.wav;2141475348,IS1007b.Closeup3_orig.avi;1370827822,C,A,206,243,18,IS1007b.Closeup2_orig.avi;3240980648,IS1007b.Closeup4_orig.avi;4054433857,,IS1007b.Closeup2_orig.avi;3240980648,B,D,578,597,IS1007b_VINS_1SPK_1CHG_IS1007b_0206_0243_0037_C_A1-C3_18_IS1007b_0578_0597_0019_B_B2-D4,file_008.mp4
tampered,videoInsertion,IS1007b,IS1007b.Closeup2_orig.avi;3240980648,IS1007b.Closeup4_orig.avi;4054433857,IS1007b.Headset-1.wav;2509255904,IS1007b.Closeup2_orig.avi;3240980648,B,D,597,642,23,IS1007b.Closeup1_orig.avi;1238947037,IS1007b.Closeup3_orig.avi;1370827822,,IS1007b.Closeup3_orig.avi;1370827822,C,A,296,318,IS1007b_VINS_1SPK_1CHG_IS1007b_0597_0642_0045_B_B2-D4_23_IS1007b_0296_0318_0022_C_A1-C3,file_011.mp4
tampered,videoInsertion,IS1002b,IS1002b.Closeup3_orig.avi;558858986,IS1002b.Closeup4_orig.avi;1547183055,IS1002b.Headset-3.wav;3351237718,IS1002b.Closeup4_orig.avi;1547183055,D,C,1158,1186,21,IS1002b.Closeup2_orig.avi;1338448134,IS1002b.Closeup4_orig.avi;1547183055,,IS1002b.Closeup2_orig.avi;1338448134,B,D,1980,1987,IS1002b_VINS_1SPK_1CHG_IS1002b_1158_1186_0028_D_C3-D4_21_IS1002b_1980_1987_0007_B_B2-D4,file_012.mp4
tampered,videoInsertion,IS1008b,IS1008b.Closeup1_orig.avi;3788450033,IS1008b.Closeup2_orig.avi;1740313366,IS1008b.Headset-0.wav;2959176245,IS1008b.Closeup1_orig.avi;3788450033,A,B,1575,1599,18,IS1008b.Closeup1_orig.avi;3788450033,IS1008b.Closeup3_orig.avi;1554726881,,IS1008b.Closeup3_orig.avi;1554726881,C,A,1392,1398,IS1008b_VINS_1SPK_1CHG_IS1008b_1575_1599_0024_A_A1-B2_18_IS1008b_1392_1398_0006_C_A1-C3,file_014.mp4
tampered,videoInsertion,IS1004b,IS1004b.Closeup2_orig.avi;3098539261,IS1004b.Closeup4_orig.avi;1677578369,IS1004b.Headset-1.wav;832556769,IS1004b.Closeup2_orig.avi;3098539261,B,D,1418,1436,9,IS1004b.Closeup1_orig.avi;2654432044,IS1004b.Closeup3_orig.avi;3722840738,,IS1004b.Closeup3_orig.avi;3722840738,C,A,1047,1056,IS1004b_VINS_1SPK_1CHG_IS1004b_1418_1436_0018_B_B2-D4_9_IS1004b_1047_1056_0009_C_A1-C3,file_017.mp4
tampered,videoInsertion,IS1004b,IS1004b.Closeup1_orig.avi;2654432044,IS1004b.Closeup2_orig.avi;3098539261,IS1004b.Headset-0.wav;1570942489,IS1004b.Closeup1_orig.avi;2654432044,A,B,95,116,12,IS1004b.Closeup1_orig.avi;2654432044,IS1004b.Closeup3_orig.avi;3722840738,,IS1004b.Closeup3_orig.avi;3722840738,C,A,1556,1565,IS1004b_VINS_1SPK_1CHG_IS1004b_0095_0116_0021_A_A1-B2_12_IS1004b_1556_1565_0009_C_A1-C3,file_018.mp4
tampered,videoInsertion,IS1008b,IS1008b.Closeup3_orig.avi;1554726881,IS1008b.Closeup4_orig.avi;119771819,IS1008b.Headset-3.wav;3590807933,IS1008b.Closeup4_orig.avi;119771819,D,C,871,892,14,IS1008b.Closeup1_orig.avi;3788450033,IS1008b.Closeup2_orig.avi;1740313366,,IS1008b.Closeup1_orig.avi;3788450033,A,B,478,485,IS1008b_VINS_1SPK_1CHG_IS1008b_0871_0892_0021_D_C3-D4_14_IS1008b_0478_0485_0007_A_A1-B2,file_024.mp4
tampered,videoInsertion,IS1002b,IS1002b.Closeup3_orig.avi;558858986,IS1002b.Closeup4_orig.avi;1547183055,IS1002b.Headset-3.wav;3351237718,IS1002b.Closeup4_orig.avi;1547183055,D,C,156,179,10,IS1002b.Closeup1_orig.avi;3188134061,IS1002b.Closeup2_orig.avi;1338448134,,IS1002b.Closeup1_orig.avi;3188134061,A,B,241,254,IS1002b_VINS_1SPK_1CHG_IS1002b_0156_0179_0023_D_C3-D4_10_IS1002b_0241_0254_0013_A_A1-B2,file_025.mp4
tampered,videoInsertion,IS1004b,IS1004b.Closeup3_orig.avi;3722840738,IS1004b.Closeup4_orig.avi;1677578369,IS1004b.Headset-3.wav;1069144428,IS1004b.Closeup4_orig.avi;1677578369,D,C,372,390,12,IS1004b.Closeup1_orig.avi;2654432044,IS1004b.Closeup3_orig.avi;3722840738,,IS1004b.Closeup3_orig.avi;3722840738,C,A,1529,1535,IS1004b_VINS_1SPK_1CHG_IS1004b_0372_0390_0018_D_C3-D4_12_IS1004b_1529_1535_0006_C_A1-C3,file_032.mp4
tampered,videoInsertion,IS1001b,IS1001b.Closeup2_orig.avi;360704331,IS1001b.Closeup4_orig.avi;1095357424,IS1001b.Headset-1.wav;2278578339,IS1001b.Closeup2_orig.avi;360704331,B,D,1758,1773,7,IS1001b.Closeup1_orig.avi;3042235681,IS1001b.Closeup2_orig.avi;360704331,,IS1001b.Closeup1_orig.avi;3042235681,A,B,54,62,IS1001b_VINS_1SPK_1CHG_IS1001b_1758_1773_0015_B_B2-D4_7_IS1001b_0054_0062_0008_A_A1-B2,file_036.mp4
tampered,videoInsertion,IS1004b,IS1004b.Closeup1_orig.avi;2654432044,IS1004b.Closeup3_orig.avi;3722840738,IS1004b.Headset-2.wav;3349573229,IS1004b.Closeup3_orig.avi;3722840738,C,A,1273,1302,11,IS1004b.Closeup2_orig.avi;3098539261,IS1004b.Closeup4_orig.avi;1677578369,,IS1004b.Closeup2_orig.avi;3098539261,B,D,693,711,IS1004b_VINS_1SPK_1CHG_IS1004b_1273_1302_0029_C_A1-C3_11_IS1004b_0693_0711_0018_B_B2-D4,file_038.mp4
tampered,videoInsertion,IS1007b,IS1007b.Closeup1_orig.avi;1238947037,IS1007b.Closeup3_orig.avi;1370827822,IS1007b.Headset-2.wav;2141475348,IS1007b.Closeup3_orig.avi;1370827822,C,A,1197,1220,15,IS1007b.Closeup3_orig.avi;1370827822,IS1007b.Closeup4_orig.avi;4054433857,,IS1007b.Closeup4_orig.avi;4054433857,D,C,383,391,IS1007b_VINS_1SPK_1CHG_IS1007b_1197_1220_0023_C_A1-C3_15_IS1007b_0383_0391_0008_D_C3-D4,file_043.mp4
tampered,videoInsertion,IS1009b,IS1009b.Closeup1_orig.avi;2518535608,IS1009b.Closeup2_orig.avi;98000267,IS1009b.Headset-0.wav;1216345474,IS1009b.Closeup1_orig.avi;2518535608,A,B,381,426,35,IS1009b.Closeup1_orig.avi;2518535608,IS1009b.Closeup3_orig.avi;3363513753,,IS1009b.Closeup3_orig.avi;3363513753,C,A,607,617,IS1009b_VINS_1SPK_1CHG_IS1009b_0381_0426_0045_A_A1-B2_35_IS1009b_0607_0617_0010_C_A1-C3,file_045.mp4
tampered,videoInsertion,IS1002b,IS1002b.Closeup2_orig.avi;1338448134,IS1002b.Closeup4_orig.avi;1547183055,IS1002b.Headset-1.wav;1093857895,IS1002b.Closeup2_orig.avi;1338448134,B,D,1031,1051,11,IS1002b.Closeup1_orig.avi;3188134061,IS1002b.Closeup2_orig.avi;1338448134,,IS1002b.Closeup1_orig.avi;3188134061,A,B,750,759,IS1002b_VINS_1SPK_1CHG_IS1002b_1031_1051_0020_B_B2-D4_11_IS1002b_0750_0759_0009_A_A1-B2,file_047.mp4
tampered,videoInsertion,IS1005b,IS1005b.Closeup1_orig.avi;1743865349,IS1005b.Closeup2_orig.avi;1856408601,IS1005b.Headset-0.wav;4238957114,IS1005b.Closeup1_orig.avi;1743865349,A,B,1371,1393,7,IS1005b.Closeup2_orig.avi;1856408601,IS1005b.Closeup4_orig.avi;143329121,,IS1005b.Closeup2_orig.avi;1856408601,B,D,1706,1721,IS1005b_VINS_1SPK_1CHG_IS1005b_1371_1393_0022_A_A1-B2_7_IS1005b_1706_1721_0015_B_B2-D4,file_050.mp4
tampered,videoInsertion,IS1007b,IS1007b.Closeup1_orig.avi;1238947037,IS1007b.Closeup3_orig.avi;1370827822,IS1007b.Headset-2.wav;2141475348,IS1007b.Closeup3_orig.avi;1370827822,C,A,206,243,31,IS1007b.Closeup3_orig.avi;1370827822,IS1007b.Closeup4_orig.avi;4054433857,,IS1007b.Closeup4_orig.avi;4054433857,D,C,809,815,IS1007b_VINS_1SPK_1CHG_IS1007b_0206_0243_0037_C_A1-C3_31_IS1007b_0809_0815_0006_D_C3-D4,file_053.mp4
tampered,videoInsertion,IS1004b,IS1004b.Closeup1_orig.avi;2654432044,IS1004b.Closeup3_orig.avi;3722840738,IS1004b.Headset-2.wav;3349573229,IS1004b.Closeup3_orig.avi;3722840738,C,A,1348,1380,19,IS1004b.Closeup1_orig.avi;2654432044,IS1004b.Closeup2_orig.avi;3098539261,,IS1004b.Closeup1_orig.avi;2654432044,A,B,1407,1420,IS1004b_VINS_1SPK_1CHG_IS1004b_1348_1380_0032_C_A1-C3_19_IS1004b_1407_1420_0013_A_A1-B2,file_057.mp4
tampered,videoInsertion,IS1002b,IS1002b.Closeup3_orig.avi;558858986,IS1002b.Closeup4_orig.avi;1547183055,IS1002b.Headset-3.wav;3351237718,IS1002b.Closeup4_orig.avi;1547183055,D,C,1297,1325,15,IS1002b.Closeup1_orig.avi;3188134061,IS1002b.Closeup2_orig.avi;1338448134,,IS1002b.Closeup1_orig.avi;3188134061,A,B,1698,1711,IS1002b_VINS_1SPK_1CHG_IS1002b_1297_1325_0028_D_C3-D4_15_IS1002b_1698_1711_0013_A_A1-B2,file_058.mp4
tampered,videoInsertion,IS1004b,IS1004b.Closeup3_orig.avi;3722840738,IS1004b.Closeup4_orig.avi;1677578369,IS1004b.Headset-3.wav;1069144428,IS1004b.Closeup4_orig.avi;1677578369,D,C,410,441,18,IS1004b.Closeup1_orig.avi;2654432044,IS1004b.Closeup2_orig.avi;3098539261,,IS1004b.Closeup1_orig.avi;2654432044,A,B,1407,1420,IS1004b_VINS_1SPK_1CHG_IS1004b_0410_0441_0031_D_C3-D4_18_IS1004b_1407_1420_0013_A_A1-B2,file_059.mp4
tampered,videoInsertion,IS1004b,IS1004b.Closeup1_orig.avi;2654432044,IS1004b.Closeup2_orig.avi;3098539261,IS1004b.Headset-0.wav;1570942489,IS1004b.Closeup1_orig.avi;2654432044,A,B,244,257,7,IS1004b.Closeup2_orig.avi;3098539261,IS1004b.Closeup4_orig.avi;1677578369,,IS1004b.Closeup2_orig.avi;3098539261,B,D,1853,1859,IS1004b_VINS_1SPK_1CHG_IS1004b_0244_0257_0013_A_A1-B2_7_IS1004b_1853_1859_0006_B_B2-D4,file_063.mp4
tampered,videoInsertion,IS1005b,IS1005b.Closeup2_orig.avi;1856408601,IS1005b.Closeup4_orig.avi;143329121,IS1005b.Headset-1.wav;2867212642,IS1005b.Closeup2_orig.avi;1856408601,B,D,840,875,13,IS1005b.Closeup1_orig.avi;1743865349,IS1005b.Closeup2_orig.avi;1856408601,,IS1005b.Closeup1_orig.avi;1743865349,A,B,1371,1393,IS1005b_VINS_1SPK_1CHG_IS1005b_0840_0875_0035_B_B2-D4_13_IS1005b_1371_1393_0022_A_A1-B2,file_065.mp4
tampered,videoInsertion,IS1004b,IS1004b.Closeup2_orig.avi;3098539261,IS1004b.Closeup4_orig.avi;1677578369,IS1004b.Headset-1.wav;832556769,IS1004b.Closeup2_orig.avi;3098539261,B,D,1418,1436,11,IS1004b.Closeup1_orig.avi;2654432044,IS1004b.Closeup3_orig.avi;3722840738,,IS1004b.Closeup3_orig.avi;3722840738,C,A,1255,1262,IS1004b_VINS_1SPK_1CHG_IS1004b_1418_1436_0018_B_B2-D4_11_IS1004b_1255_1262_0007_C_A1-C3,file_066.mp4
tampered,videoInsertion,IS1008b,IS1008b.Closeup1_orig.avi;3788450033,IS1008b.Closeup3_orig.avi;1554726881,IS1008b.Headset-2.wav;1609860318,IS1008b.Closeup3_orig.avi;1554726881,C,A,1328,1342,8,IS1008b.Closeup3_orig.avi;1554726881,IS1008b.Closeup4_orig.avi;119771819,,IS1008b.Closeup4_orig.avi;119771819,D,C,1078,1084,IS1008b_VINS_1SPK_1CHG_IS1008b_1328_1342_0014_C_A1-C3_8_IS1008b_1078_1084_0006_D_C3-D4,file_081.mp4
tampered,videoInsertion,IS1007b,IS1007b.Closeup1_orig.avi;1238947037,IS1007b.Closeup3_orig.avi;1370827822,IS1007b.Headset-2.wav;2141475348,IS1007b.Closeup3_orig.avi;1370827822,C,A,1223,1238,7,IS1007b.Closeup3_orig.avi;1370827822,IS1007b.Closeup4_orig.avi;4054433857,,IS1007b.Closeup4_orig.avi;4054433857,D,C,383,391,IS1007b_VINS_1SPK_1CHG_IS1007b_1223_1238_0015_C_A1-C3_7_IS1007b_0383_0391_0008_D_C3-D4,file_090.mp4
tampered,videoInsertion,IS1009b,IS1009b.Closeup1_orig.avi;2518535608,IS1009b.Closeup3_orig.avi;3363513753,IS1009b.Headset-2.wav;729730980,IS1009b.Closeup3_orig.avi;3363513753,C,A,618,667,31,IS1009b.Closeup1_orig.avi;2518535608,IS1009b.Closeup2_orig.avi;98000267,,IS1009b.Closeup1_orig.avi;2518535608,A,B,1909,1927,IS1009b_VINS_1SPK_1CHG_IS1009b_0618_0667_0049_C_A1-C3_31_IS1009b_1909_1927_0018_A_A1-B2,file_095.mp4
tampered,videoInsertion,IS1008b,IS1008b.Closeup1_orig.avi;3788450033,IS1008b.Closeup3_orig.avi;1554726881,IS1008b.Headset-2.wav;1609860318,IS1008b.Closeup3_orig.avi;1554726881,C,A,1461,1479,12,IS1008b.Closeup1_orig.avi;3788450033,IS1008b.Closeup2_orig.avi;1740313366,,IS1008b.Closeup1_orig.avi;3788450033,A,B,1226,1232,IS1008b_VINS_1SPK_1CHG_IS1008b_1461_1479_0018_C_A1-C3_12_IS1008b_1226_1232_0006_A_A1-B2,file_106.mp4
tampered,videoInsertion,IS1009b,IS1009b.Closeup1_orig.avi;2518535608,IS1009b.Closeup3_orig.avi;3363513753,IS1009b.Headset-2.wav;729730980,IS1009b.Closeup3_orig.avi;3363513753,C,A,666,717,12,IS1009b.Closeup2_orig.avi;98000267,IS1009b.Closeup4_orig.avi;974629776,,IS1009b.Closeup2_orig.avi;98000267,B,D,1283,1322,IS1009b_VINS_1SPK_1CHG_IS1009b_0666_0717_0051_C_A1-C3_12_IS1009b_1283_1322_0039_B_B2-D4,file_109.mp4
tampered,videoInsertion,IS1004b,IS1004b.Closeup3_orig.avi;3722840738,IS1004b.Closeup4_orig.avi;1677578369,IS1004b.Headset-3.wav;1069144428,IS1004b.Closeup4_orig.avi;1677578369,D,C,410,441,16,IS1004b.Closeup2_orig.avi;3098539261,IS1004b.Closeup4_orig.avi;1677578369,,IS1004b.Closeup2_orig.avi;3098539261,B,D,979,994,IS1004b_VINS_1SPK_1CHG_IS1004b_0410_0441_0031_D_C3-D4_16_IS1004b_0979_0994_0015_B_B2-D4,file_112.mp4
tampered,videoInsertion,IS1007b,IS1007b.Closeup1_orig.avi;1238947037,IS1007b.Closeup3_orig.avi;1370827822,IS1007b.Headset-2.wav;2141475348,IS1007b.Closeup3_orig.avi;1370827822,C,A,206,243,29,IS1007b.Closeup3_orig.avi;1370827822,IS1007b.Closeup4_orig.avi;4054433857,,IS1007b.Closeup4_orig.avi;4054433857,D,C,383,391,IS1007b_VINS_1SPK_1CHG_IS1007b_0206_0243_0037_C_A1-C3_29_IS1007b_0383_0391_0008_D_C3-D4,file_113.mp4
tampered,videoInsertion,IS1008b,IS1008b.Closeup1_orig.avi;3788450033,IS1008b.Closeup2_orig.avi;1740313366,IS1008b.Headset-0.wav;2959176245,IS1008b.Closeup1_orig.avi;3788450033,A,B,1575,1599,14,IS1008b.Closeup3_orig.avi;1554726881,IS1008b.Closeup4_orig.avi;119771819,,IS1008b.Closeup4_orig.avi;119771819,D,C,1086,1096,IS1008b_VINS_1SPK_1CHG_IS1008b_1575_1599_0024_A_A1-B2_14_IS1008b_1086_1096_0010_D_C3-D4,file_114.mp4
tampered,videoInsertion,IS1008b,IS1008b.Closeup3_orig.avi;1554726881,IS1008b.Closeup4_orig.avi;119771819,IS1008b.Headset-3.wav;3590807933,IS1008b.Closeup4_orig.avi;119771819,D,C,871,892,7,IS1008b.Closeup1_orig.avi;3788450033,IS1008b.Closeup2_orig.avi;1740313366,,IS1008b.Closeup1_orig.avi;3788450033,A,B,1099,1113,IS1008b_VINS_1SPK_1CHG_IS1008b_0871_0892_0021_D_C3-D4_7_IS1008b_1099_1113_0014_A_A1-B2,file_115.mp4
tampered,videoInsertion,IS1008b,IS1008b.Closeup2_orig.avi;1740313366,IS1008b.Closeup4_orig.avi;119771819,IS1008b.Headset-1.wav;2018916707,IS1008b.Closeup2_orig.avi;1740313366,B,D,256,274,12,IS1008b.Closeup1_orig.avi;3788450033,IS1008b.Closeup2_orig.avi;1740313366,,IS1008b.Closeup1_orig.avi;3788450033,A,B,1226,1232,IS1008b_VINS_1SPK_1CHG_IS1008b_0256_0274_0018_B_B2-D4_12_IS1008b_1226_1232_0006_A_A1-B2,file_121.mp4
tampered,videoInsertion,IS1009b,IS1009b.Closeup1_orig.avi;2518535608,IS1009b.Closeup2_orig.avi;98000267,IS1009b.Headset-0.wav;1216345474,IS1009b.Closeup1_orig.avi;2518535608,A,B,1868,1904,30,IS1009b.Closeup1_orig.avi;2518535608,IS1009b.Closeup3_orig.avi;3363513753,,IS1009b.Closeup3_orig.avi;3363513753,C,A,1080,1086,IS1009b_VINS_1SPK_1CHG_IS1009b_1868_1904_0036_A_A1-B2_30_IS1009b_1080_1086_0006_C_A1-C3,file_123.mp4
tampered,videoInsertion,IS1008b,IS1008b.Closeup1_orig.avi;3788450033,IS1008b.Closeup2_orig.avi;1740313366,IS1008b.Headset-0.wav;2959176245,IS1008b.Closeup1_orig.avi;3788450033,A,B,1575,1599,9,IS1008b.Closeup2_orig.avi;1740313366,IS1008b.Closeup4_orig.avi;119771819,,IS1008b.Closeup2_orig.avi;1740313366,B,D,368,383,IS1008b_VINS_1SPK_1CHG_IS1008b_1575_1599_0024_A_A1-B2_9_IS1008b_0368_0383_0015_B_B2-D4,file_124.mp4
tampered,videoInsertion,IS1007b,IS1007b.Closeup2_orig.avi;3240980648,IS1007b.Closeup4_orig.avi;4054433857,IS1007b.Headset-1.wav;2509255904,IS1007b.Closeup2_orig.avi;3240980648,B,D,597,642,25,IS1007b.Closeup1_orig.avi;1238947037,IS1007b.Closeup3_orig.avi;1370827822,,IS1007b.Closeup3_orig.avi;1370827822,C,A,664,684,IS1007b_VINS_1SPK_1CHG_IS1007b_0597_0642_0045_B_B2-D4_25_IS1007b_0664_0684_0020_C_A1-C3,file_128.mp4
tampered,videoInsertion,IS1007b,IS1007b.Closeup1_orig.avi;1238947037,IS1007b.Closeup3_orig.avi;1370827822,IS1007b.Headset-2.wav;2141475348,IS1007b.Closeup3_orig.avi;1370827822,C,A,1223,1238,7,IS1007b.Closeup3_orig.avi;1370827822,IS1007b.Closeup4_orig.avi;4054433857,,IS1007b.Closeup4_orig.avi;4054433857,D,C,365,373,IS1007b_VINS_1SPK_1CHG_IS1007b_1223_1238_0015_C_A1-C3_7_IS1007b_0365_0373_0008_D_C3-D4,file_129.mp4
tampered,videoInsertion,IS1004b,IS1004b.Closeup2_orig.avi;3098539261,IS1004b.Closeup4_orig.avi;1677578369,IS1004b.Headset-1.wav;832556769,IS1004b.Closeup2_orig.avi;3098539261,B,D,1142,1164,11,IS1004b.Closeup1_orig.avi;2654432044,IS1004b.Closeup3_orig.avi;3722840738,,IS1004b.Closeup3_orig.avi;3722840738,C,A,1568,1579,IS1004b_VINS_1SPK_1CHG_IS1004b_1142_1164_0022_B_B2-D4_11_IS1004b_1568_1579_0011_C_A1-C3,file_130.mp4
tampered,videoInsertion,IS1005b,IS1005b.Closeup2_orig.avi;1856408601,IS1005b.Closeup4_orig.avi;143329121,IS1005b.Headset-1.wav;2867212642,IS1005b.Closeup2_orig.avi;1856408601,B,D,840,875,25,IS1005b.Closeup1_orig.avi;1743865349,IS1005b.Closeup2_orig.avi;1856408601,,IS1005b.Closeup1_orig.avi;1743865349,A,B,1542,1552,IS1005b_VINS_1SPK_1CHG_IS1005b_0840_0875_0035_B_B2-D4_25_IS1005b_1542_1552_0010_A_A1-B2,file_133.mp4
tampered,videoInsertion,IS1004b,IS1004b.Closeup1_orig.avi;2654432044,IS1004b.Closeup3_orig.avi;3722840738,IS1004b.Headset-2.wav;3349573229,IS1004b.Closeup3_orig.avi;3722840738,C,A,1470,1506,7,IS1004b.Closeup2_orig.avi;3098539261,IS1004b.Closeup4_orig.avi;1677578369,,IS1004b.Closeup2_orig.avi;3098539261,B,D,1216,1245,IS1004b_VINS_1SPK_1CHG_IS1004b_1470_1506_0036_C_A1-C3_7_IS1004b_1216_1245_0029_B_B2-D4,file_136.mp4
tampered,videoInsertion,IS1009b,IS1009b.Closeup2_orig.avi;98000267,IS1009b.Closeup4_orig.avi;974629776,IS1009b.Headset-1.wav;1752701843,IS1009b.Closeup2_orig.avi;98000267,B,D,1343,1376,23,IS1009b.Closeup1_orig.avi;2518535608,IS1009b.Closeup3_orig.avi;3363513753,,IS1009b.Closeup3_orig.avi;3363513753,C,A,607,617,IS1009b_VINS_1SPK_1CHG_IS1009b_1343_1376_0033_B_B2-D4_23_IS1009b_0607_0617_0010_C_A1-C3,file_138.mp4
tampered,videoInsertion,IS1004b,IS1004b.Closeup2_orig.avi;3098539261,IS1004b.Closeup4_orig.avi;1677578369,IS1004b.Headset-1.wav;832556769,IS1004b.Closeup2_orig.avi;3098539261,B,D,1074,1109,23,IS1004b.Closeup1_orig.avi;2654432044,IS1004b.Closeup2_orig.avi;3098539261,,IS1004b.Closeup1_orig.avi;2654432044,A,B,1876,1888,IS1004b_VINS_1SPK_1CHG_IS1004b_1074_1109_0035_B_B2-D4_23_IS1004b_1876_1888_0012_A_A1-B2,file_145.mp4
tampered,videoInsertion,IS1007b,IS1007b.Closeup1_orig.avi;1238947037,IS1007b.Closeup3_orig.avi;1370827822,IS1007b.Headset-2.wav;2141475348,IS1007b.Closeup3_orig.avi;1370827822,C,A,664,684,10,IS1007b.Closeup3_orig.avi;1370827822,IS1007b.Closeup4_orig.avi;4054433857,,IS1007b.Closeup4_orig.avi;4054433857,D,C,1034,1044,IS1007b_VINS_1SPK_1CHG_IS1007b_0664_0684_0020_C_A1-C3_10_IS1007b_1034_1044_0010_D_C3-D4,file_156.mp4
tampered,videoInsertion,IS1008b,IS1008b.Closeup1_orig.avi;3788450033,IS1008b.Closeup2_orig.avi;1740313366,IS1008b.Headset-0.wav;2959176245,IS1008b.Closeup1_orig.avi;3788450033,A,B,1235,1251,9,IS1008b.Closeup3_orig.avi;1554726881,IS1008b.Closeup4_orig.avi;119771819,,IS1008b.Closeup4_orig.avi;119771819,D,C,1178,1185,IS1008b_VINS_1SPK_1CHG_IS1008b_1235_1251_0016_A_A1-B2_9_IS1008b_1178_1185_0007_D_C3-D4,file_158.mp4
tampered,videoInsertion,IS1009b,IS1009b.Closeup3_orig.avi;3363513753,IS1009b.Closeup4_orig.avi;974629776,IS1009b.Headset-3.wav;2915009341,IS1009b.Closeup4_orig.avi;974629776,D,C,1843,1868,16,IS1009b.Closeup1_orig.avi;2518535608,IS1009b.Closeup2_orig.avi;98000267,,IS1009b.Closeup1_orig.avi;2518535608,A,B,1577,1586,IS1009b_VINS_1SPK_1CHG_IS1009b_1843_1868_0025_D_C3-D4_16_IS1009b_1577_1586_0009_A_A1-B2,file_161.mp4
tampered,videoInsertion,IS1004b,IS1004b.Closeup2_orig.avi;3098539261,IS1004b.Closeup4_orig.avi;1677578369,IS1004b.Headset-1.wav;832556769,IS1004b.Closeup2_orig.avi;3098539261,B,D,1074,1109,11,IS1004b.Closeup1_orig.avi;2654432044,IS1004b.Closeup2_orig.avi;3098539261,,IS1004b.Closeup1_orig.avi;2654432044,A,B,1679,1703,IS1004b_VINS_1SPK_1CHG_IS1004b_1074_1109_0035_B_B2-D4_11_IS1004b_1679_1703_0024_A_A1-B2,file_163.mp4
tampered,videoInsertion,IS1007b,IS1007b.Closeup1_orig.avi;1238947037,IS1007b.Closeup3_orig.avi;1370827822,IS1007b.Headset-2.wav;2141475348,IS1007b.Closeup3_orig.avi;1370827822,C,A,296,318,12,IS1007b.Closeup3_orig.avi;1370827822,IS1007b.Closeup4_orig.avi;4054433857,,IS1007b.Closeup4_orig.avi;4054433857,D,C,1034,1044,IS1007b_VINS_1SPK_1CHG_IS1007b_0296_0318_0022_C_A1-C3_12_IS1007b_1034_1044_0010_D_C3-D4,file_177.mp4
tampered,videoInsertion,IS1002b,IS1002b.Closeup3_orig.avi;558858986,IS1002b.Closeup4_orig.avi;1547183055,IS1002b.Headset-3.wav;3351237718,IS1002b.Closeup4_orig.avi;1547183055,D,C,1381,1403,14,IS1002b.Closeup1_orig.avi;3188134061,IS1002b.Closeup3_orig.avi;558858986,,IS1002b.Closeup3_orig.avi;558858986,C,A,770,778,IS1002b_VINS_1SPK_1CHG_IS1002b_1381_1403_0022_D_C3-D4_14_IS1002b_0770_0778_0008_C_A1-C3,file_182.mp4
tampered,videoInsertion,IS1008b,IS1008b.Closeup1_orig.avi;3788450033,IS1008b.Closeup3_orig.avi;1554726881,IS1008b.Headset-2.wav;1609860318,IS1008b.Closeup3_orig.avi;1554726881,C,A,1675,1693,8,IS1008b.Closeup2_orig.avi;1740313366,IS1008b.Closeup4_orig.avi;119771819,,IS1008b.Closeup2_orig.avi;1740313366,B,D,532,542,IS1008b_VINS_1SPK_1CHG_IS1008b_1675_1693_0018_C_A1-C3_8_IS1008b_0532_0542_0010_B_B2-D4,file_196.mp4
tampered,videoInsertion,IS1002b,IS1002b.Closeup1_orig.avi;3188134061,IS1002b.Closeup2_orig.avi;1338448134,IS1002b.Headset-0.wav;2892563234,IS1002b.Closeup1_orig.avi;3188134061,A,B,1710,1733,15,IS1002b.Closeup3_orig.avi;558858986,IS1002b.Closeup4_orig.avi;1547183055,,IS1002b.Closeup4_orig.avi;1547183055,D,C,1506,1514,IS1002b_VINS_1SPK_1CHG_IS1002b_1710_1733_0023_A_A1-B2_15_IS1002b_1506_1514_0008_D_C3-D4,file_197.mp4
tampered,videoInsertion,IS1008b,IS1008b.Closeup1_orig.avi;3788450033,IS1008b.Closeup3_orig.avi;1554726881,IS1008b.Headset-2.wav;1609860318,IS1008b.Closeup3_orig.avi;1554726881,C,A,1675,1693,12,IS1008b.Closeup1_orig.avi;3788450033,IS1008b.Closeup2_orig.avi;1740313366,,IS1008b.Closeup1_orig.avi;3788450033,A,B,1226,1232,IS1008b_VINS_1SPK_1CHG_IS1008b_1675_1693_0018_C_A1-C3_12_IS1008b_1226_1232_0006_A_A1-B2,file_201.mp4
tampered,videoInsertion,IS1005b,IS1005b.Closeup2_orig.avi;1856408601,IS1005b.Closeup4_orig.avi;143329121,IS1005b.Headset-1.wav;2867212642,IS1005b.Closeup2_orig.avi;1856408601,B,D,840,875,25,IS1005b.Closeup1_orig.avi;1743865349,IS1005b.Closeup2_orig.avi;1856408601,,IS1005b.Closeup1_orig.avi;1743865349,A,B,1426,1436,IS1005b_VINS_1SPK_1CHG_IS1005b_0840_0875_0035_B_B2-D4_25_IS1005b_1426_1436_0010_A_A1-B2,file_202.mp4
tampered,videoInsertion,IS1007b,IS1007b.Closeup1_orig.avi;1238947037,IS1007b.Closeup3_orig.avi;1370827822,IS1007b.Headset-2.wav;2141475348,IS1007b.Closeup3_orig.avi;1370827822,C,A,339,356,7,IS1007b.Closeup3_orig.avi;1370827822,IS1007b.Closeup4_orig.avi;4054433857,,IS1007b.Closeup4_orig.avi;4054433857,D,C,1034,1044,IS1007b_VINS_1SPK_1CHG_IS1007b_0339_0356_0017_C_A1-C3_7_IS1007b_1034_1044_0010_D_C3-D4,file_206.mp4
tampered,videoInsertion,IS1002b,IS1002b.Closeup2_orig.avi;1338448134,IS1002b.Closeup4_orig.avi;1547183055,IS1002b.Headset-1.wav;1093857895,IS1002b.Closeup2_orig.avi;1338448134,B,D,1676,1699,17,IS1002b.Closeup3_orig.avi;558858986,IS1002b.Closeup4_orig.avi;1547183055,,IS1002b.Closeup4_orig.avi;1547183055,D,C,1108,1114,IS1002b_VINS_1SPK_1CHG_IS1002b_1676_1699_0023_B_B2-D4_17_IS1002b_1108_1114_0006_D_C3-D4,file_216.mp4
tampered,videoInsertion,IS1008b,IS1008b.Closeup2_orig.avi;1740313366,IS1008b.Closeup4_orig.avi;119771819,IS1008b.Headset-1.wav;2018916707,IS1008b.Closeup2_orig.avi;1740313366,B,D,977,992,9,IS1008b.Closeup1_orig.avi;3788450033,IS1008b.Closeup3_orig.avi;1554726881,,IS1008b.Closeup3_orig.avi;1554726881,C,A,1084,1090,IS1008b_VINS_1SPK_1CHG_IS1008b_0977_0992_0015_B_B2-D4_9_IS1008b_1084_1090_0006_C_A1-C3,file_218.mp4
tampered,videoInsertion,IS1002b,IS1002b.Closeup3_orig.avi;558858986,IS1002b.Closeup4_orig.avi;1547183055,IS1002b.Headset-3.wav;3351237718,IS1002b.Closeup4_orig.avi;1547183055,D,C,2004,2028,8,IS1002b.Closeup1_orig.avi;3188134061,IS1002b.Closeup2_orig.avi;1338448134,,IS1002b.Closeup1_orig.avi;3188134061,A,B,894,910,IS1002b_VINS_1SPK_1CHG_IS1002b_2004_2028_0024_D_C3-D4_8_IS1002b_0894_0910_0016_A_A1-B2,file_221.mp4
tampered,videoInsertion,IS1004b,IS1004b.Closeup3_orig.avi;3722840738,IS1004b.Closeup4_orig.avi;1677578369,IS1004b.Headset-3.wav;1069144428,IS1004b.Closeup4_orig.avi;1677578369,D,C,410,441,18,IS1004b.Closeup2_orig.avi;3098539261,IS1004b.Closeup4_orig.avi;1677578369,,IS1004b.Closeup2_orig.avi;3098539261,B,D,1017,1030,IS1004b_VINS_1SPK_1CHG_IS1004b_0410_0441_0031_D_C3-D4_18_IS1004b_1017_1030_0013_B_B2-D4,file_222.mp4
tampered,videoInsertion,IS1007b,IS1007b.Closeup3_orig.avi;1370827822,IS1007b.Closeup4_orig.avi;4054433857,IS1007b.Headset-3.wav;3718318314,IS1007b.Closeup4_orig.avi;4054433857,D,C,1124,1158,25,IS1007b.Closeup1_orig.avi;1238947037,IS1007b.Closeup3_orig.avi;1370827822,,IS1007b.Closeup3_orig.avi;1370827822,C,A,737,746,IS1007b_VINS_1SPK_1CHG_IS1007b_1124_1158_0034_D_C3-D4_25_IS1007b_0737_0746_0009_C_A1-C3,file_224.mp4
tampered,videoInsertion,IS1002b,IS1002b.Closeup3_orig.avi;558858986,IS1002b.Closeup4_orig.avi;1547183055,IS1002b.Headset-3.wav;3351237718,IS1002b.Closeup4_orig.avi;1547183055,D,C,1297,1325,14,IS1002b.Closeup1_orig.avi;3188134061,IS1002b.Closeup3_orig.avi;558858986,,IS1002b.Closeup3_orig.avi;558858986,C,A,623,637,IS1002b_VINS_1SPK_1CHG_IS1002b_1297_1325_0028_D_C3-D4_14_IS1002b_0623_0637_0014_C_A1-C3,file_231.mp4
tampered,audioInsertion,IS1004b,IS1004b.Closeup1_orig.avi;2654432044,IS1004b.Closeup2_orig.avi;3098539261,IS1004b.Headset-0.wav;1570942489,IS1004b.Closeup1_orig.avi;2654432044,A,B,125,156,13,,,IS1004b.Headset-1.wav;832556769,,B,,878,896,IS1004b_AINS_2SPK_1CHG_IS1004b_0125_0156_0031_A_A1-B2_13_IS1004b_0878_0896_0018_B,file_002.mp4
tampered,audioInsertion,IS1005b,IS1005b.Closeup1_orig.avi;1743865349,IS1005b.Closeup2_orig.avi;1856408601,IS1005b.Headset-0.wav;4238957114,IS1005b.Closeup1_orig.avi;1743865349,A,B,1371,1393,15,,,IS1005b.Headset-2.wav;3527090808,,C,,2058,2065,IS1005b_AINS_2SPK_1CHG_IS1005b_1371_1393_0022_A_A1-B2_15_IS1005b_2058_2065_0007_C,file_006.mp4
tampered,audioInsertion,IS1007b,IS1007b.Closeup2_orig.avi;3240980648,IS1007b.Closeup4_orig.avi;4054433857,IS1007b.Headset-1.wav;2509255904,IS1007b.Closeup2_orig.avi;3240980648,B,D,597,642,30,,,IS1007b.Headset-3.wav;3718318314,,D,,979,994,IS1007b_AINS_2SPK_1CHG_IS1007b_0597_0642_0045_B_B2-D4_30_IS1007b_0979_0994_0015_D,file_019.mp4
tampered,audioInsertion,IS1008b,IS1008b.Closeup3_orig.avi;1554726881,IS1008b.Closeup4_orig.avi;119771819,IS1008b.Headset-3.wav;3590807933,IS1008b.Closeup4_orig.avi;119771819,D,C,1163,1179,8,,,IS1008b.Headset-0.wav;2959176245,,A,,1193,1201,IS1008b_AINS_2SPK_1CHG_IS1008b_1163_1179_0016_D_C3-D4_8_IS1008b_1193_1201_0008_A,file_022.mp4
tampered,audioInsertion,IS1004b,IS1004b.Closeup1_orig.avi;2654432044,IS1004b.Closeup2_orig.avi;3098539261,IS1004b.Headset-0.wav;1570942489,IS1004b.Closeup1_orig.avi;2654432044,A,B,1456,1470,8,,,IS1004b.Headset-1.wav;832556769,,B,,743,749,IS1004b_AINS_2SPK_1CHG_IS1004b_1456_1470_0014_A_A1-B2_8_IS1004b_0743_0749_0006_B,file_034.mp4
tampered,audioInsertion,IS1004b,IS1004b.Closeup1_orig.avi;2654432044,IS1004b.Closeup2_orig.avi;3098539261,IS1004b.Headset-0.wav;1570942489,IS1004b.Closeup1_orig.avi;2654432044,A,B,125,156,11,,,IS1004b.Headset-1.wav;832556769,,B,,1029,1049,IS1004b_AINS_2SPK_1CHG_IS1004b_0125_0156_0031_A_A1-B2_11_IS1004b_1029_1049_0020_B,file_042.mp4
tampered,audioInsertion,IS1002b,IS1002b.Closeup3_orig.avi;558858986,IS1002b.Closeup4_orig.avi;1547183055,IS1002b.Headset-3.wav;3351237718,IS1002b.Closeup4_orig.avi;1547183055,D,C,197,216,12,,,IS1002b.Headset-2.wav;3593873109,,C,,1196,1203,IS1002b_AINS_2SPK_1CHG_IS1002b_0197_0216_0019_D_C3-D4_12_IS1002b_1196_1203_0007_C,file_052.mp4
tampered,audioInsertion,IS1004b,IS1004b.Closeup1_orig.avi;2654432044,IS1004b.Closeup2_orig.avi;3098539261,IS1004b.Headset-0.wav;1570942489,IS1004b.Closeup1_orig.avi;2654432044,A,B,2104,2126,16,,,IS1004b.Headset-1.wav;832556769,,B,,743,749,IS1004b_AINS_2SPK_1CHG_IS1004b_2104_2126_0022_A_A1-B2_16_IS1004b_0743_0749_0006_B,file_055.mp4
tampered,audioInsertion,IS1007b,IS1007b.Closeup1_orig.avi;1238947037,IS1007b.Closeup3_orig.avi;1370827822,IS1007b.Headset-2.wav;2141475348,IS1007b.Closeup3_orig.avi;1370827822,C,A,664,684,10,,,IS1007b.Headset-1.wav;2509255904,,B,,681,691,IS1007b_AINS_2SPK_1CHG_IS1007b_0664_0684_0020_C_A1-C3_10_IS1007b_0681_0691_0010_B,file_061.mp4
tampered,audioInsertion,IS1001b,IS1001b.Closeup1_orig.avi;3042235681,IS1001b.Closeup2_orig.avi;360704331,IS1001b.Headset-0.wav;83638217,IS1001b.Closeup1_orig.avi;3042235681,A,B,901,914,7,,,IS1001b.Headset-1.wav;2278578339,,B,,1922,1928,IS1001b_AINS_2SPK_1CHG_IS1001b_0901_0914_0013_A_A1-B2_7_IS1001b_1922_1928_0006_B,file_064.mp4
tampered,audioInsertion,IS1007b,IS1007b.Closeup2_orig.avi;3240980648,IS1007b.Closeup4_orig.avi;4054433857,IS1007b.Headset-1.wav;2509255904,IS1007b.Closeup2_orig.avi;3240980648,B,D,597,642,23,,,IS1007b.Headset-2.wav;2141475348,,C,,296,318,IS1007b_AINS_2SPK_1CHG_IS1007b_0597_0642_0045_B_B2-D4_23_IS1007b_0296_0318_0022_C,file_067.mp4
tampered,audioInsertion,IS1002b,IS1002b.Closeup3_orig.avi;558858986,IS1002b.Closeup4_orig.avi;1547183055,IS1002b.Headset-3.wav;3351237718,IS1002b.Closeup4_orig.avi;1547183055,D,C,1275,1298,15,,,IS1002b.Headset-0.wav;2892563234,,A,,2308,2316,IS1002b_AINS_2SPK_1CHG_IS1002b_1275_1298_0023_D_C3-D4_15_IS1002b_2308_2316_0008_A,file_068.mp4
tampered,audioInsertion,IS1001b,IS1001b.Closeup1_orig.avi;3042235681,IS1001b.Closeup2_orig.avi;360704331,IS1001b.Headset-0.wav;83638217,IS1001b.Closeup1_orig.avi;3042235681,A,B,2005,2040,29,,,IS1001b.Headset-1.wav;2278578339,,B,,1922,1928,IS1001b_AINS_2SPK_1CHG_IS1001b_2005_2040_0035_A_A1-B2_29_IS1001b_1922_1928_0006_B,file_069.mp4
tampered,audioInsertion,IS1007b,IS1007b.Closeup2_orig.avi;3240980648,IS1007b.Closeup4_orig.avi;4054433857,IS1007b.Headset-1.wav;2509255904,IS1007b.Closeup2_orig.avi;3240980648,B,D,597,642,28,,,IS1007b.Headset-2.wav;2141475348,,C,,339,356,IS1007b_AINS_2SPK_1CHG_IS1007b_0597_0642_0045_B_B2-D4_28_IS1007b_0339_0356_0017_C,file_072.mp4
tampered,audioInsertion,IS1007b,IS1007b.Closeup1_orig.avi;1238947037,IS1007b.Closeup3_orig.avi;1370827822,IS1007b.Headset-2.wav;2141475348,IS1007b.Closeup3_orig.avi;1370827822,C,A,664,684,13,,,IS1007b.Headset-0.wav;4012001298,,A,,1032,1039,IS1007b_AINS_2SPK_1CHG_IS1007b_0664_0684_0020_C_A1-C3_13_IS1007b_1032_1039_0007_A,file_077.mp4
tampered,audioInsertion,IS1001b,IS1001b.Closeup1_orig.avi;3042235681,IS1001b.Closeup2_orig.avi;360704331,IS1001b.Headset-0.wav;83638217,IS1001b.Closeup1_orig.avi;3042235681,A,B,1622,1641,12,,,IS1001b.Headset-2.wav;903526141,,C,,1885,1892,IS1001b_AINS_2SPK_1CHG_IS1001b_1622_1641_0019_A_A1-B2_12_IS1001b_1885_1892_0007_C,file_080.mp4
tampered,audioInsertion,IS1004b,IS1004b.Closeup2_orig.avi;3098539261,IS1004b.Closeup4_orig.avi;1677578369,IS1004b.Headset-1.wav;832556769,IS1004b.Closeup2_orig.avi;3098539261,B,D,1216,1245,16,,,IS1004b.Headset-0.wav;1570942489,,A,,244,257,IS1004b_AINS_2SPK_1CHG_IS1004b_1216_1245_0029_B_B2-D4_16_IS1004b_0244_0257_0013_A,file_082.mp4
tampered,audioInsertion,IS1001b,IS1001b.Closeup1_orig.avi;3042235681,IS1001b.Closeup2_orig.avi;360704331,IS1001b.Headset-0.wav;83638217,IS1001b.Closeup1_orig.avi;3042235681,A,B,1622,1641,12,,,IS1001b.Headset-2.wav;903526141,,C,,1918,1925,IS1001b_AINS_2SPK_1CHG_IS1001b_1622_1641_0019_A_A1-B2_12_IS1001b_1918_1925_0007_C,file_083.mp4
tampered,audioInsertion,IS1001b,IS1001b.Closeup1_orig.avi;3042235681,IS1001b.Closeup2_orig.avi;360704331,IS1001b.Headset-0.wav;83638217,IS1001b.Closeup1_orig.avi;3042235681,A,B,2005,2040,24,,,IS1001b.Headset-2.wav;903526141,,C,,1742,1753,IS1001b_AINS_2SPK_1CHG_IS1001b_2005_2040_0035_A_A1-B2_24_IS1001b_1742_1753_0011_C,file_085.mp4
tampered,audioInsertion,IS1002b,IS1002b.Closeup3_orig.avi;558858986,IS1002b.Closeup4_orig.avi;1547183055,IS1002b.Headset-3.wav;3351237718,IS1002b.Closeup4_orig.avi;1547183055,D,C,1867,1898,18,,,IS1002b.Headset-0.wav;2892563234,,A,,1698,1711,IS1002b_AINS_2SPK_1CHG_IS1002b_1867_1898_0031_D_C3-D4_18_IS1002b_1698_1711_0013_A,file_091.mp4
tampered,audioInsertion,IS1007b,IS1007b.Closeup1_orig.avi;1238947037,IS1007b.Closeup3_orig.avi;1370827822,IS1007b.Headset-2.wav;2141475348,IS1007b.Closeup3_orig.avi;1370827822,C,A,1197,1220,13,,,IS1007b.Headset-1.wav;2509255904,,B,,681,691,IS1007b_AINS_2SPK_1CHG_IS1007b_1197_1220_0023_C_A1-C3_13_IS1007b_0681_0691_0010_B,file_097.mp4
tampered,audioInsertion,IS1001b,IS1001b.Closeup1_orig.avi;3042235681,IS1001b.Closeup2_orig.avi;360704331,IS1001b.Headset-0.wav;83638217,IS1001b.Closeup1_orig.avi;3042235681,A,B,2005,2040,26,,,IS1001b.Headset-1.wav;2278578339,,B,,1952,1961,IS1001b_AINS_2SPK_1CHG_IS1001b_2005_2040_0035_A_A1-B2_26_IS1001b_1952_1961_0009_B,file_100.mp4
tampered,audioInsertion,IS1005b,IS1005b.Closeup1_orig.avi;1743865349,IS1005b.Closeup3_orig.avi;833085407,IS1005b.Headset-2.wav;3527090808,IS1005b.Closeup3_orig.avi;833085407,C,A,1664,1694,8,,,IS1005b.Headset-0.wav;4238957114,,A,,1371,1393,IS1005b_AINS_2SPK_1CHG_IS1005b_1664_1694_0030_C_A1-C3_8_IS1005b_1371_1393_0022_A,file_101.mp4
tampered,audioInsertion,IS1008b,IS1008b.Closeup2_orig.avi;1740313366,IS1008b.Closeup4_orig.avi;119771819,IS1008b.Headset-1.wav;2018916707,IS1008b.Closeup2_orig.avi;1740313366,B,D,404,422,10,,,IS1008b.Headset-2.wav;1609860318,,C,,1364,1372,IS1008b_AINS_2SPK_1CHG_IS1008b_0404_0422_0018_B_B2-D4_10_IS1008b_1364_1372_0008_C,file_103.mp4
tampered,audioInsertion,IS1007b,IS1007b.Closeup1_orig.avi;1238947037,IS1007b.Closeup3_orig.avi;1370827822,IS1007b.Headset-2.wav;2141475348,IS1007b.Closeup3_orig.avi;1370827822,C,A,206,243,24,,,IS1007b.Headset-1.wav;2509255904,,B,,902,915,IS1007b_AINS_2SPK_1CHG_IS1007b_0206_0243_0037_C_A1-C3_24_IS1007b_0902_0915_0013_B,file_105.mp4
tampered,audioInsertion,IS1008b,IS1008b.Closeup1_orig.avi;3788450033,IS1008b.Closeup3_orig.avi;1554726881,IS1008b.Headset-2.wav;1609860318,IS1008b.Closeup3_orig.avi;1554726881,C,A,1001,1021,10,,,IS1008b.Headset-1.wav;2018916707,,B,,532,542,IS1008b_AINS_2SPK_1CHG_IS1008b_1001_1021_0020_C_A1-C3_10_IS1008b_0532_0542_0010_B,file_108.mp4
tampered,audioInsertion,IS1002b,IS1002b.Closeup3_orig.avi;558858986,IS1002b.Closeup4_orig.avi;1547183055,IS1002b.Headset-3.wav;3351237718,IS1002b.Closeup4_orig.avi;1547183055,D,C,1324,1357,8,,,IS1002b.Headset-1.wav;1093857895,,B,,1443,1468,IS1002b_AINS_2SPK_1CHG_IS1002b_1324_1357_0033_D_C3-D4_8_IS1002b_1443_1468_0025_B,file_118.mp4
tampered,audioInsertion,IS1007b,IS1007b.Closeup2_orig.avi;3240980648,IS1007b.Closeup4_orig.avi;4054433857,IS1007b.Headset-1.wav;2509255904,IS1007b.Closeup2_orig.avi;3240980648,B,D,597,642,32,,,IS1007b.Headset-2.wav;2141475348,,C,,1002,1015,IS1007b_AINS_2SPK_1CHG_IS1007b_0597_0642_0045_B_B2-D4_32_IS1007b_1002_1015_0013_C,file_120.mp4
tampered,audioInsertion,IS1002b,IS1002b.Closeup3_orig.avi;558858986,IS1002b.Closeup4_orig.avi;1547183055,IS1002b.Headset-3.wav;3351237718,IS1002b.Closeup4_orig.avi;1547183055,D,C,2137,2158,11,,,IS1002b.Headset-2.wav;3593873109,,C,,824,834,IS1002b_AINS_2SPK_1CHG_IS1002b_2137_2158_0021_D_C3-D4_11_IS1002b_0824_0834_0010_C,file_125.mp4
tampered,audioInsertion,IS1008b,IS1008b.Closeup2_orig.avi;1740313366,IS1008b.Closeup4_orig.avi;119771819,IS1008b.Headset-1.wav;2018916707,IS1008b.Closeup2_orig.avi;1740313366,B,D,256,274,10,,,IS1008b.Headset-2.wav;1609860318,,C,,1427,1435,IS1008b_AINS_2SPK_1CHG_IS1008b_0256_0274_0018_B_B2-D4_10_IS1008b_1427_1435_0008_C,file_137.mp4
tampered,audioInsertion,IS1008b,IS1008b.Closeup1_orig.avi;3788450033,IS1008b.Closeup3_orig.avi;1554726881,IS1008b.Headset-2.wav;1609860318,IS1008b.Closeup3_orig.avi;1554726881,C,A,1461,1479,12,,,IS1008b.Headset-0.wav;2959176245,,A,,905,911,IS1008b_AINS_2SPK_1CHG_IS1008b_1461_1479_0018_C_A1-C3_12_IS1008b_0905_0911_0006_A,file_139.mp4
tampered,audioInsertion,IS1005b,IS1005b.Closeup1_orig.avi;1743865349,IS1005b.Closeup2_orig.avi;1856408601,IS1005b.Headset-0.wav;4238957114,IS1005b.Closeup1_orig.avi;1743865349,A,B,1371,1393,13,,,IS1005b.Headset-1.wav;2867212642,,B,,2036,2045,IS1005b_AINS_2SPK_1CHG_IS1005b_1371_1393_0022_A_A1-B2_13_IS1005b_2036_2045_0009_B,file_141.mp4
tampered,audioInsertion,IS1007b,IS1007b.Closeup1_orig.avi;1238947037,IS1007b.Closeup3_orig.avi;1370827822,IS1007b.Headset-2.wav;2141475348,IS1007b.Closeup3_orig.avi;1370827822,C,A,206,243,29,,,IS1007b.Headset-3.wav;3718318314,,D,,365,373,IS1007b_AINS_2SPK_1CHG_IS1007b_0206_0243_0037_C_A1-C3_29_IS1007b_0365_0373_0008_D,file_143.mp4
tampered,audioInsertion,IS1002b,IS1002b.Closeup3_orig.avi;558858986,IS1002b.Closeup4_orig.avi;1547183055,IS1002b.Headset-3.wav;3351237718,IS1002b.Closeup4_orig.avi;1547183055,D,C,1324,1357,23,,,IS1002b.Headset-1.wav;1093857895,,B,,399,409,IS1002b_AINS_2SPK_1CHG_IS1002b_1324_1357_0033_D_C3-D4_23_IS1002b_0399_0409_0010_B,file_147.mp4
tampered,audioInsertion,IS1007b,IS1007b.Closeup3_orig.avi;1370827822,IS1007b.Closeup4_orig.avi;4054433857,IS1007b.Headset-3.wav;3718318314,IS1007b.Closeup4_orig.avi;4054433857,D,C,851,876,8,,,IS1007b.Headset-2.wav;2141475348,,C,,754,771,IS1007b_AINS_2SPK_1CHG_IS1007b_0851_0876_0025_D_C3-D4_8_IS1007b_0754_0771_0017_C,file_148.mp4
tampered,audioInsertion,IS1008b,IS1008b.Closeup1_orig.avi;3788450033,IS1008b.Closeup3_orig.avi;1554726881,IS1008b.Headset-2.wav;1609860318,IS1008b.Closeup3_orig.avi;1554726881,C,A,1328,1342,8,,,IS1008b.Headset-0.wav;2959176245,,A,,1121,1127,IS1008b_AINS_2SPK_1CHG_IS1008b_1328_1342_0014_C_A1-C3_8_IS1008b_1121_1127_0006_A,file_151.mp4
tampered,audioInsertion,IS1007b,IS1007b.Closeup1_orig.avi;1238947037,IS1007b.Closeup3_orig.avi;1370827822,IS1007b.Headset-2.wav;2141475348,IS1007b.Closeup3_orig.avi;1370827822,C,A,754,771,9,,,IS1007b.Headset-3.wav;3718318314,,D,,383,391,IS1007b_AINS_2SPK_1CHG_IS1007b_0754_0771_0017_C_A1-C3_9_IS1007b_0383_0391_0008_D,file_155.mp4
tampered,audioInsertion,IS1008b,IS1008b.Closeup1_orig.avi;3788450033,IS1008b.Closeup3_orig.avi;1554726881,IS1008b.Headset-2.wav;1609860318,IS1008b.Closeup3_orig.avi;1554726881,C,A,1371,1389,7,,,IS1008b.Headset-1.wav;2018916707,,B,,546,557,IS1008b_AINS_2SPK_1CHG_IS1008b_1371_1389_0018_C_A1-C3_7_IS1008b_0546_0557_0011_B,file_159.mp4
tampered,audioInsertion,IS1008b,IS1008b.Closeup1_orig.avi;3788450033,IS1008b.Closeup3_orig.avi;1554726881,IS1008b.Headset-2.wav;1609860318,IS1008b.Closeup3_orig.avi;1554726881,C,A,1328,1342,8,,,IS1008b.Headset-0.wav;2959176245,,A,,660,666,IS1008b_AINS_2SPK_1CHG_IS1008b_1328_1342_0014_C_A1-C3_8_IS1008b_0660_0666_0006_A,file_160.mp4
tampered,audioInsertion,IS1008b,IS1008b.Closeup1_orig.avi;3788450033,IS1008b.Closeup3_orig.avi;1554726881,IS1008b.Headset-2.wav;1609860318,IS1008b.Closeup3_orig.avi;1554726881,C,A,1434,1455,9,,,IS1008b.Headset-1.wav;2018916707,,B,,349,361,IS1008b_AINS_2SPK_1CHG_IS1008b_1434_1455_0021_C_A1-C3_9_IS1008b_0349_0361_0012_B,file_165.mp4
tampered,audioInsertion,IS1008b,IS1008b.Closeup2_orig.avi;1740313366,IS1008b.Closeup4_orig.avi;119771819,IS1008b.Headset-1.wav;2018916707,IS1008b.Closeup2_orig.avi;1740313366,B,D,368,383,8,,,IS1008b.Headset-0.wav;2959176245,,A,,916,923,IS1008b_AINS_2SPK_1CHG_IS1008b_0368_0383_0015_B_B2-D4_8_IS1008b_0916_0923_0007_A,file_170.mp4
tampered,audioInsertion,IS1001b,IS1001b.Closeup1_orig.avi;3042235681,IS1001b.Closeup3_orig.avi;2416607761,IS1001b.Headset-2.wav;903526141,IS1001b.Closeup3_orig.avi;2416607761,C,A,963,980,9,,,IS1001b.Headset-0.wav;83638217,,A,,914,922,IS1001b_AINS_2SPK_1CHG_IS1001b_0963_0980_0017_C_A1-C3_9_IS1001b_0914_0922_0008_A,file_172.mp4
tampered,audioInsertion,IS1007b,IS1007b.Closeup1_orig.avi;1238947037,IS1007b.Closeup3_orig.avi;1370827822,IS1007b.Headset-2.wav;2141475348,IS1007b.Closeup3_orig.avi;1370827822,C,A,339,356,7,,,IS1007b.Headset-1.wav;2509255904,,B,,681,691,IS1007b_AINS_2SPK_1CHG_IS1007b_0339_0356_0017_C_A1-C3_7_IS1007b_0681_0691_0010_B,file_175.mp4
tampered,audioInsertion,IS1008b,IS1008b.Closeup2_orig.avi;1740313366,IS1008b.Closeup4_orig.avi;119771819,IS1008b.Headset-1.wav;2018916707,IS1008b.Closeup2_orig.avi;1740313366,B,D,368,383,9,,,IS1008b.Headset-3.wav;3590807933,,D,,1078,1084,IS1008b_AINS_2SPK_1CHG_IS1008b_0368_0383_0015_B_B2-D4_9_IS1008b_1078_1084_0006_D,file_179.mp4
tampered,audioInsertion,IS1004b,IS1004b.Closeup3_orig.avi;3722840738,IS1004b.Closeup4_orig.avi;1677578369,IS1004b.Headset-3.wav;1069144428,IS1004b.Closeup4_orig.avi;1677578369,D,C,497,517,7,,,IS1004b.Headset-1.wav;832556769,,B,,1017,1030,IS1004b_AINS_2SPK_1CHG_IS1004b_0497_0517_0020_D_C3-D4_7_IS1004b_1017_1030_0013_B,file_181.mp4
tampered,audioInsertion,IS1002b,IS1002b.Closeup3_orig.avi;558858986,IS1002b.Closeup4_orig.avi;1547183055,IS1002b.Headset-3.wav;3351237718,IS1002b.Closeup4_orig.avi;1547183055,D,C,1867,1898,19,,,IS1002b.Headset-0.wav;2892563234,,A,,1970,1982,IS1002b_AINS_2SPK_1CHG_IS1002b_1867_1898_0031_D_C3-D4_19_IS1002b_1970_1982_0012_A,file_187.mp4
tampered,audioInsertion,IS1007b,IS1007b.Closeup1_orig.avi;1238947037,IS1007b.Closeup3_orig.avi;1370827822,IS1007b.Headset-2.wav;2141475348,IS1007b.Closeup3_orig.avi;1370827822,C,A,296,318,16,,,IS1007b.Headset-3.wav;3718318314,,D,,913,919,IS1007b_AINS_2SPK_1CHG_IS1007b_0296_0318_0022_C_A1-C3_16_IS1007b_0913_0919_0006_D,file_193.mp4
tampered,audioInsertion,IS1004b,IS1004b.Closeup2_orig.avi;3098539261,IS1004b.Closeup4_orig.avi;1677578369,IS1004b.Headset-1.wav;832556769,IS1004b.Closeup2_orig.avi;3098539261,B,D,993,1018,17,,,IS1004b.Headset-0.wav;1570942489,,A,,1389,1397,IS1004b_AINS_2SPK_1CHG_IS1004b_0993_1018_0025_B_B2-D4_17_IS1004b_1389_1397_0008_A,file_198.mp4
tampered,audioInsertion,IS1005b,IS1005b.Closeup1_orig.avi;1743865349,IS1005b.Closeup2_orig.avi;1856408601,IS1005b.Headset-0.wav;4238957114,IS1005b.Closeup1_orig.avi;1743865349,A,B,812,825,7,,,IS1005b.Headset-3.wav;708075228,,D,,1828,1834,IS1005b_AINS_2SPK_1CHG_IS1005b_0812_0825_0013_A_A1-B2_7_IS1005b_1828_1834_0006_D,file_200.mp4
tampered,audioInsertion,IS1008b,IS1008b.Closeup2_orig.avi;1740313366,IS1008b.Closeup4_orig.avi;119771819,IS1008b.Headset-1.wav;2018916707,IS1008b.Closeup2_orig.avi;1740313366,B,D,404,422,7,,,IS1008b.Headset-0.wav;2959176245,,A,,1711,1722,IS1008b_AINS_2SPK_1CHG_IS1008b_0404_0422_0018_B_B2-D4_7_IS1008b_1711_1722_0011_A,file_203.mp4
tampered,audioInsertion,IS1008b,IS1008b.Closeup1_orig.avi;3788450033,IS1008b.Closeup3_orig.avi;1554726881,IS1008b.Headset-2.wav;1609860318,IS1008b.Closeup3_orig.avi;1554726881,C,A,1675,1693,11,,,IS1008b.Headset-3.wav;3590807933,,D,,835,842,IS1008b_AINS_2SPK_1CHG_IS1008b_1675_1693_0018_C_A1-C3_11_IS1008b_0835_0842_0007_D,file_204.mp4
tampered,audioInsertion,IS1002b,IS1002b.Closeup1_orig.avi;3188134061,IS1002b.Closeup2_orig.avi;1338448134,IS1002b.Headset-0.wav;2892563234,IS1002b.Closeup1_orig.avi;3188134061,A,B,105,128,9,,,IS1002b.Headset-1.wav;1093857895,,B,,1541,1555,IS1002b_AINS_2SPK_1CHG_IS1002b_0105_0128_0023_A_A1-B2_9_IS1002b_1541_1555_0014_B,file_208.mp4
tampered,audioInsertion,IS1008b,IS1008b.Closeup1_orig.avi;3788450033,IS1008b.Closeup3_orig.avi;1554726881,IS1008b.Headset-2.wav;1609860318,IS1008b.Closeup3_orig.avi;1554726881,C,A,1675,1693,10,,,IS1008b.Headset-0.wav;2959176245,,A,,665,673,IS1008b_AINS_2SPK_1CHG_IS1008b_1675_1693_0018_C_A1-C3_10_IS1008b_0665_0673_0008_A,file_210.mp4
tampered,audioInsertion,IS1004b,IS1004b.Closeup1_orig.avi;2654432044,IS1004b.Closeup2_orig.avi;3098539261,IS1004b.Headset-0.wav;1570942489,IS1004b.Closeup1_orig.avi;2654432044,A,B,125,156,19,,,IS1004b.Headset-1.wav;832556769,,B,,574,586,IS1004b_AINS_2SPK_1CHG_IS1004b_0125_0156_0031_A_A1-B2_19_IS1004b_0574_0586_0012_B,file_214.mp4
tampered,audioInsertion,IS1001b,IS1001b.Closeup1_orig.avi;3042235681,IS1001b.Closeup2_orig.avi;360704331,IS1001b.Headset-0.wav;83638217,IS1001b.Closeup1_orig.avi;3042235681,A,B,1622,1641,8,,,IS1001b.Headset-1.wav;2278578339,,B,,1854,1865,IS1001b_AINS_2SPK_1CHG_IS1001b_1622_1641_0019_A_A1-B2_8_IS1001b_1854_1865_0011_B,file_220.mp4
tampered,audioInsertion,IS1008b,IS1008b.Closeup1_orig.avi;3788450033,IS1008b.Closeup3_orig.avi;1554726881,IS1008b.Headset-2.wav;1609860318,IS1008b.Closeup3_orig.avi;1554726881,C,A,1675,1693,7,,,IS1008b.Headset-1.wav;2018916707,,B,,1510,1521,IS1008b_AINS_2SPK_1CHG_IS1008b_1675_1693_0018_C_A1-C3_7_IS1008b_1510_1521_0011_B,file_228.mp4
tampered,audioInsertion,IS1005b,IS1005b.Closeup2_orig.avi;1856408601,IS1005b.Closeup4_orig.avi;143329121,IS1005b.Headset-1.wav;2867212642,IS1005b.Closeup2_orig.avi;1856408601,B,D,840,875,28,,,IS1005b.Headset-2.wav;3527090808,,C,,2058,2065,IS1005b_AINS_2SPK_1CHG_IS1005b_0840_0875_0035_B_B2-D4_28_IS1005b_2058_2065_0007_C,file_230.mp4
tampered,audioInsertion,IS1002b,IS1002b.Closeup1_orig.avi;3188134061,IS1002b.Closeup3_orig.avi;558858986,IS1002b.Headset-2.wav;3593873109,IS1002b.Closeup3_orig.avi;558858986,C,A,641,665,10,,,IS1002b.Headset-0.wav;2892563234,,A,,931,945,IS1002b_AINS_2SPK_1CHG_IS1002b_0641_0665_0024_C_A1-C3_10_IS1002b_0931_0945_0014_A,file_234.mp4
tampered,audioInsertion,IS1001b,IS1001b.Closeup1_orig.avi;3042235681,IS1001b.Closeup2_orig.avi;360704331,IS1001b.Headset-0.wav;83638217,IS1001b.Closeup1_orig.avi;3042235681,A,B,2005,2040,29,,,IS1001b.Headset-1.wav;2278578339,,B,,1836,1842,IS1001b_AINS_2SPK_1CHG_IS1001b_2005_2040_0035_A_A1-B2_29_IS1001b_1836_1842_0006_B,file_237.mp4
tampered,audioInsertion,IS1004b,IS1004b.Closeup3_orig.avi;3722840738,IS1004b.Closeup4_orig.avi;1677578369,IS1004b.Headset-3.wav;1069144428,IS1004b.Closeup4_orig.avi;1677578369,D,C,1107,1132,10,,,IS1004b.Headset-1.wav;832556769,,B,,979,994,IS1004b_AINS_2SPK_1CHG_IS1004b_1107_1132_0025_D_C3-D4_10_IS1004b_0979_0994_0015_B,file_240.mp4
